dv_eta,dv_dark,dv_qber,dv_f_ec,cv_eta,cv_vel,cv_xib,cv_beta,alpha,crossover_km,dv_reach_km,cv_reach_km,span_ratio
0.5884359396,1.73121115,0.01420737848,1.079256672,0.6120857804,0.04307285394,0.0002945796249,0.9038724804,0.221942683,58.78118896,255.4769592,88.55203247,2.885049073
0.4445848074,4.084096837,0.01240662181,1.112619876,0.6674639422,0.1268724049,0.001598963339,0.9493257715,0.206686136,59.77215576,267.9700623,72.16397095,3.713349733
0.554832789,14.07943798,0.005391463164,1.073650233,0.677316297,0.1885154861,0.0003002100882,0.9482390365,0.2187953749,67.92950439,256.7433167,96.89205933,2.649786974
0.4276923625,37.94043059,0.01629233074,1.190431183,0.6092439301,0.2469817809,0.001206671171,0.9143786858,0.2270727257,49.59661865,230.7342834,64.75466919,3.56320689
0.5965775743,39.26574403,0.01203040207,1.041383817,0.5924573689,0.08268167729,0.0007081700277,0.9327569193,0.1979401918,56.46087646,275.9578552,86.01535034,3.208239624
0.6895379297,15.38074366,0.01460492083,1.072184518,0.5758595442,0.2255234566,0.001953603233,0.9215681453,0.1953696784,31.02203369,287.8908386,66.26937866,4.344251364
0.6776402935,15.09194673,0.006948126899,1.177742165,0.6208790043,0.1013630473,0.001149560461,0.9196588515,0.2071692449,32.37554932,273.5225525,72.65670776,3.764587757
0.6080588066,6.516863885,0.01136616327,1.193414723,0.6366783738,0.09861055373,0.0005292519306,0.9536992422,0.1947648067,75.09588623,290.0826111,97.4760437,2.975937472
0.5481626195,44.28146369,0.01561055922,1.128066316,0.5659572667,0.1111837666,0.001075872702,0.9406844387,0.2156136617,53.43963623,247.9031677,72.12747192,3.437014512
0.623685679,1.500650411,0.01119543666,1.183239701,0.6043327275,0.1944853361,0.0007156385712,0.9153712645,0.2017028033,41.42718506,283.4829407,82.38369751,3.441007739
0.497420147,28.19607916,0.00708942933,1.076979423,0.6230429965,0.1491889854,0.0007160416188,0.9498175955,0.1930162606,67.37359619,283.2394104,91.54495239,3.093992656
0.4558549335,4.144519781,0.01366896383,1.112917831,0.6075560161,0.2591494811,0.001912441916,0.9084333956,0.1939515486,44.04962158,285.4311829,66.43362427,4.296486696
0.5822685806,23.00270535,0.007746566813,1.120500775,0.6401928789,0.2017665856,0.0004179948424,0.9059192786,0.1967979067,42.04351807,282.0461121,94.42837524,2.986878799
0.5937684312,38.79326088,0.01422565909,1.116804117,0.596902167,0.1576465106,0.0003881016126,0.9451335449,0.206814722,70.44317627,262.1009827,95.1401062,2.754894788
0.4347748463,29.84438245,0.01182895608,1.125949391,0.6355875394,0.2664603513,0.0002198987067,0.903316295,0.2069355344,73.21063232,258.4723816,101.1076965,2.556406589
0.6017118198,27.72953689,0.008242042886,1.136208911,0.6054846419,0.1634424433,0.001107338616,0.9342736447,0.2150304098,40.18243408,257.1329651,72.12747192,3.564979587
0.6661245673,47.98626479,0.01237183504,1.072366681,0.5837077888,0.08454297906,0.0004038794057,0.9047684492,0.1926426179,42.30938721,283.4342346,95.17660522,2.977982183
0.6418668552,1.520030049,0.008287698566,1.036502025,0.5617280476,0.1261469429,0.001705175839,0.930336919,0.2056736276,30.42987061,280.6823425,65.94088745,4.256575144
0.7004202397,1.387113562,0.006286374788,1.0375065,0.6421899955,0.2056169292,0.0007913925013,0.9141480479,0.229667792,23.56561279,253.8940125,71.52523804,3.549712233
0.5927079142,2.016308832,0.01031037437,1.090820369,0.6771388837,0.2244161847,0.001564483366,0.924547831,0.2276716217,37.76544189,250.7281189,63.14871216,3.970439148
0.6479266907,25.15068447,0.01241509102,1.107290711,0.6223290818,0.1294305879,0.0009730749054,0.9235073568,0.2263028118,40.71417236,245.1512756,69.73678589,3.515379617
0.4227507715,2.106946862,0.008105715255,1.076657035,0.5835023953,0.1963026658,0.000870352013,0.9268568014,0.2160994287,51.61480713,258.3506165,74.37216187,3.473754292
0.6164673288,2.767980531,0.01663749776,1.137512983,0.598756266,0.0716722242,0.0003256424219,0.9127672044,0.1937388157,69.86309814,291.4220276,100.3229675,2.90483859
0.6505877865,9.235167175,0.009951202912,1.134979268,0.6123094024,0.2663106269,0.001059867915,0.9162248896,0.2011179863,31.34832764,282.2409363,75.81387329,3.722813834
0.7023344301,52.3002609,0.01590447969,1.103187239,0.6328380675,0.1723585694,0.001065238141,0.9481477862,0.1993318885,55.57867432,272.183136,81.28872681,3.348350339
0.5292312043,7.552342708,0.01537753825,1.194761555,0.65724257,0.2658173447,0.0001970095314,0.9437182591,0.2275155671,81.93597412,243.3978577,99.20974731,2.45336637
0.5673706901,44.11369742,0.007869285413,1.117742437,0.5694270172,0.01667107996,0.001483593888,0.9352040211,0.2248774682,39.68695068,241.4252625,63.23995972,3.817606202
0.6861586083,4.362688287,0.011706592,1.134208905,0.5668293481,0.02221362818,0.0019797124,0.907910087,0.2265904613,26.69561768,252.7981262,55.02767944,4.59401757
0.4849203222,33.57123228,0.0161630052,1.117595276,0.6136270691,0.1152857338,0.0002259524952,0.9096220733,0.2274627274,72.30426025,234.776886,91.58145142,2.563585555
0.4439108556,2.74127727,0.01060785551,1.170799335,0.6564825167,0.05523307607,0.001331058757,0.9405979788,0.2254264762,55.46990967,246.7829285,67.69284058,3.645628199
0.6972077231,1.470341335,0.01667698977,1.158821888,0.6067226596,0.1014731178,0.001079766263,0.929769439,0.1921319529,52.60577393,297.144989,80.54049683,3.689386094
0.4193305561,4.977207158,0.006358458699,1.180402238,0.6110276549,0.2632756543,0.000309013943,0.9367961683,0.2249598308,67.18023682,246.9290466,90.66897583,2.72341277
0.6975346168,2.045247006,0.007063248229,1.107768768,0.5815506881,0.2075771618,0.001702533639,0.9392578885,0.2251418195,25.14874268,258.0096741,61.92599487,4.166419524
0.5990062339,17.61670879,0.01770548492,1.073316399,0.6569718949,0.05191833515,0.0009471603903,0.9379079044,0.2029692521,64.41278076,271.9639587,80.99673462,3.357715098
0.5866243286,38.2498098,0.006837178906,1.084171085,0.5692071693,0.06899082906,0.0004579673125,0.9325766142,0.2291867752,44.36383057,239.4526672,80.74124146,2.965679781
0.5199318681,34.84874272,0.01200313183,1.038481813,0.5929110317,0.05162397828,0.001650582599,0.9338733646,0.2125571429,46.96209717,255.1847229,65.59414673,3.890358144
0.4874134862,45.51170287,0.009806494646,1.106694055,0.6526696377,0.2060211043,0.0009048700872,0.9495860087,0.1942356054,67.39776611,275.1785583,87.32931519,3.151044501
0.4666932711,3.538440923,0.01018086481,1.052530179,0.581864946,0.2303613392,0.000831487605,0.9140413815,0.2215558975,43.68707275,252.4571838,71.76248169,3.517955036
0.6898265097,8.079858001,0.01365430104,1.043706124,0.6380807875,0.197253004,0.001505714972,0.9171229991,0.2267788548,31.37249756,251.0203552,62.25448608,4.032164925
0.7278393928,48.92030519,0.01748650916,1.081413936,0.6532870682,0.1278375491,0.000159930876,0.9256895218,0.2026239893,77.86334229,268.8954773,112.5501404,2.389117209
0.5488467813,62.85500655,0.009429137945,1.130202432,0.6291769249,0.2393138901,0.0004775339425,0.9511516268,0.1932935296,71.50665283,275.3733826,99.73898315,2.760940345
0.6134924756,5.652957707,0.01558290415,1.161942281,0.6661425991,0.2691751389,0.0008779164123,0.9337658671,0.1989995099,58.80535889,282.5575256,83.93490601,3.366388778
0.4894375728,5.774169875,0.01043364978,1.138328144,0.5669619958,0.2398316962,0.001555468111,0.9197673178,0.1979717705,40.66583252,281.8269348,69.06155396,4.080807898
0.465466791,1.389097963,0.01054980381,1.123760396,0.5794429707,0.2406537304,0.001886575046,0.9017673517,0.2109371557,33.97076416,265.7052307,59.77255249,4.445271611
0.4489635391,3.136378282,0.01389817222,1.152377839,0.663798441,0.02059987631,0.001408144618,0.922056389,0.1919770633,62.14080811,288.1343689,75.92337036,3.795068205
0.5114883402,4.1704042,0.01695139895,1.047084299,0.6657911373,0.1227729669,0.000364575937,0.9184394502,0.2168126486,72.42510986,256.5971985,90.13973999,2.846660069
0.5664581158,1.209202757,0.01077332053,1.133637968,0.64105101,0.1842035901,0.000951732378,0.9044511236,0.206459393,41.78973389,275.5438538,75.02914429,3.672490955
0.5588450628,4.983166561,0.00959159468,1.046452804,0.6068586458,0.09697528288,0.0008365968934,0.9122657133,0.1903379687,48.08599854,297.5833435,83.82540894,3.55003748
0.5306149326,29.74557452,0.01190612013,1.128922978,0.5743201136,0.08830216807,0.0004640131103,0.9400744987,0.2019180835,69.17425537,269.1390076,92.6399231,2.905216224
0.5414913077,1.906904431,0.01162150082,1.139369677,0.6083510482,0.2351935254,0.0009650452843,0.9184610247,0.2073764954,45.04058838,272.5484314,75.33938599,3.617608875
0.6792366964,19.87509207,0.008056172876,1.077308168,0.6710007465,0.03123939354,0.0006879548716,0.9111645287,0.2270099127,38.53887939,248.6094055,74.77365112,3.32482635
0.5873645349,5.59765198,0.005643552512,1.166899259,0.6204453264,0.2696696364,0.001324118819,0.9247561481,0.2239595551,28.8225708,254.6246033,65.63064575,3.879660185
0.5551935061,20.75126769,0.005258267027,1.196992273,0.5729674372,0.09522509796,0.001510648759,0.9263864378,0.2128188988,34.29705811,260.7859192,65.59414673,3.975749853
0.4186896259,2.557243537,0.007360811116,1.150034872,0.6310200703,0.2095196103,0.001841671688,0.9001274814,0.201965251,40.27911377,276.0309143,64.06118774,4.30886351
0.7266647447,30.04507795,0.014653079,1.137300553,0.6653908828,0.2419335041,0.0004894568628,0.9341894014,0.2068408518,54.74481201,267.9457092,91.30770874,2.934535462
0.6836450138,50.05069581,0.008938038804,1.16636868,0.5859254522,0.05243480782,0.001283491577,0.9080640858,0.2175574809,28.23040771,251.0203552,65.04666138,3.85908131
0.5542105989,1.15466354,0.01489451165,1.175861397,0.603016287,0.0363673622,0.00105687905,0.9017371255,0.205793913,49.10113525,273.6199646,71.89022827,3.806080064
0.5124847428,1.033752215,0.01211154517,1.176111456,0.6348054562,0.07386169909,0.0004374185637,0.9507804375,0.2039314884,79.96612549,276.0309143,96.08908081,2.872656414
0.6842315267,49.58633514,0.0138580407,1.181088882,0.5883425434,0.04080311835,0.00181663073,0.9265164096,0.1928802102,42.17645264,280.8041077,69.33529663,4.049944564
0.4587082393,1.708852514,0.01565062554,1.184594089,0.5753271101,0.09218191548,0.0008861648652,0.9121261793,0.2137157759,55.46990967,258.8863831,72.78445435,3.556891171
0.5130527794,26.99723606,0.008395909566,1.191554711,0.5800759789,0.2607892246,0.001800811592,0.9026067371,0.2070353901,29.41473389,263.245575,61.83474731,4.257243482
0.6192062077,4.248441743,0.005874415509,1.171555463,0.5778990767,0.264497536,0.0004008577449,0.9509389976,0.2213497582,40.43621826,259.2273254,88.69802856,2.922582718
0.5423365959,2.880182798,0.01754923588,1.085344693,0.6046513434,0.08305250805,0.001335243911,0.9299777105,0.2179688071,51.26434326,256.3780212,67.36434937,3.805841274
0.4385818557,2.03866107,0.01225339758,1.188342875,0.6507828963,0.2566218949,0.0008172531833,0.9543434678,0.1960420505,74.20159912,282.922821,89.20901489,3.171459985
0.4799345764,5.811078443,0.007663916661,1.101787617,0.6263778611,0.03055136217,0.001904798181,0.9407394762,0.2258166047,45.5602417,248.0249329,61.06826782,4.06143717
0.6588946885,1.090514684,0.007337309605,1.199173091,0.6662390012,0.04949503985,0.001736290516,0.9258162731,0.1901109813,42.34564209,304.4021912,73.29544067,4.153084944
0.4178285228,25.73788024,0.008879259581,1.106320613,0.5774895581,0.2235349023,0.0005488966789,0.9125475126,0.2090658573,55.01068115,257.5226135,83.11367798,3.098438425
0.479067514,1.706350744,0.006881489157,1.133293904,0.6529592349,0.03901358469,0.0007982965625,0.9175668632,0.2208223956,53.59674072,255.8666077,74.71890259,3.424389262
0.4745821412,31.90290201,0.01022328023,1.107583089,0.5735943732,0.2681691149,0.0005690392352,0.9422276215,0.2196945046,57.46392822,245.5409241,82.07345581,2.991721521
0.4898076829,6.888718998,0.006316856222,1.129287959,0.5722947579,0.04443757422,0.001443153253,0.9550994944,0.2011960417,54.2855835,278.7584534,74.17141724,3.758300215
0.6548023716,1.242832001,0.01456879652,1.153927603,0.5750231832,0.03333360002,0.0006406756201,0.9095300474,0.2191241841,44.54510498,260.5180359,76.08761597,3.423921654
0.4547038317,3.24156543,0.007945151145,1.099494509,0.5638357011,0.2457737002,0.0002519046284,0.9148870577,0.228293949,50.66009521,245.3704529,88.82577515,2.762378966
0.5739352261,38.05357178,0.009785667853,1.068641364,0.6325334589,0.1383936052,0.00112927709,0.9154661699,0.2194674021,39.62652588,248.8042297,68.73306274,3.619862404
0.5945783211,7.966809559,0.013174922,1.096610698,0.6714548015,0.05754605544,0.001302446513,0.9518702336,0.1957030501,63.30096436,287.379425,80.44924927,3.572182807
0.5302596988,61.66950138,0.01226701899,1.141389903,0.6090073765,0.2115910884,0.0008938040073,0.9311066988,0.1922990422,57.7177124,274.837616,84.44589233,3.254600175
0.7275188801,17.66926113,0.01558837622,1.197896939,0.5626343402,0.09277110069,0.000209655221,0.9092440635,0.2144386167,45.04058838,260.8346252,96.94680786,2.690492147
0.5561943316,1.178601385,0.009199783556,1.183438758,0.6700910406,0.2027186689,0.0007974748971,0.9163254302,0.1907599126,53.36712646,298.4600525,87.01907349,3.429823377
0.4690169499,50.54155918,0.0169244073,1.158122078,0.6585296877,0.1689689117,0.0002285113244,0.9516695322,0.1949071335,101.0060425,268.2135925,114.1013489,2.350661015
0.694010072,2.887303831,0.005343929679,1.167319175,0.5848715273,0.2285209484,0.0001324593861,0.9126599182,0.2256620711,20.94317627,257.4252014,100.9981995,2.548809808
0.5046903585,1.722304169,0.006667613642,1.190866305,0.5929762422,0.01840790252,0.00169748819,0.9504552663,0.2260187713,46.45452881,250.8985901,63.27645874,3.96511744
0.6833888026,4.421433701,0.01430683717,1.040920947,0.5959090818,0.1494085618,0.000742075468,0.9352907017,0.1978534992,50.10418701,288.7919006,85.70510864,3.36959961
0.5758753383,1.523959286,0.005312577029,1.156346687,0.5685529097,0.1340030607,0.001421679176,0.9225822347,0.2154697039,29.74102783,266.7037048,65.26565552,4.086432638
0.5003542599,42.71128306,0.01315723163,1.058478934,0.6534282601,0.2693402083,0.0004253917195,0.935110231,0.2133845266,68.99298096,251.0203552,90.83322144,2.763530251
0.4285924394,2.694308127,0.0130880673,1.081554908,0.6007106257,0.03183457564,0.001332452887,0.9564745285,0.1966038981,66.57598877,281.4616394,78.42355347,3.588993701
0.6664630217,62.5672632,0.007818992454,1.158638017,0.6065702697,0.03470396036,0.001286228042,0.9383287884,0.2125108269,40.94378662,254.6489563,70.81350708,3.596050624
0.4956774759,1.505324677,0.01198097539,1.092165452,0.5899607405,0.1001125564,0.001224129633,0.9274259225,0.2056349965,51.43353271,273.2546692,72.23696899,3.782753803
0.5710708025,9.489052302,0.005790398786,1.063291304,0.6200151655,0.1950674818,0.0004911451067,0.9403855468,0.2055949216,51.50604248,275.4951477,91.3989563,3.014204526
0.4943785116,59.47698522,0.01605638297,1.143131676,0.6439594572,0.1833864564,0.0007946390254,0.9079741524,0.1994329348,60.48516846,262.1740417,81.52597046,3.215834663
0.7061452752,6.709438529,0.007960104727,1.051289055,0.6333381386,0.2574101003,0.001276611735,0.9514619778,0.2136892533,35.36053467,269.7234802,73.24069214,3.682699772
0.6685229569,1.738431796,0.006569024604,1.147042019,0.6234738182,0.2204314705,0.001177688427,0.9404695363,0.2228924639,32.20635986,260.0553284,69.84628296,3.723252224
0.5786940463,34.93015052,0.005104014228,1.080510186,0.6457802162,0.02278457525,0.001424647165,0.9373360505,0.2099642629,45.43939209,262.5149841,70.74050903,3.710956957
0.6131295791,1.257687545,0.008131128702,1.053451581,0.5821162613,0.08058927694,0.0003332579083,0.931899258,0.1982615402,54.66021729,290.3261414,99.70248413,2.911924852
0.5453935156,54.18666265,0.0171222357,1.173153343,0.5892510988,0.1688462527,0.0009437051487,0.9461688405,0.1950328646,65.56085205,270.2348938,83.78890991,3.22518689
0.5620209814,1.87345072,0.01149428474,1.122954806,0.569581141,0.04172580144,0.001096573623,0.9215268,0.202022903,47.44549561,280.7310486,74.09841919,3.78862399
0.7193272668,36.09314923,0.01234867197,1.079617332,0.6341291328,0.2218174012,0.0003559161171,0.9587761036,0.2110581096,64.340271,262.6854553,97.87753296,2.683817699
0.5502063494,21.17702583,0.01678854966,1.117126081,0.6744988345,0.05015620931,0.001249093896,0.9189554976,0.2001871817,58.37030029,272.6458435,74.91964722,3.63917682
0.5352113004,17.17284612,0.01477636008,1.172742481,0.6549313168,0.2425317364,0.001240990743,0.9367272217,0.198028578,58.38238525,276.5910339,77.98556519,3.546695254
0.4326228459,6.472884361,0.005022029812,1.067826841,0.6418176539,0.04786015101,0.001020770465,0.9309817995,0.2164353639,54.98651123,257.6443787,73.42318726,3.509032886
0.5752770563,27.7732203,0.007592381845,1.062966746,0.6107478022,0.1359503059,0.001557323385,0.9421774166,0.2107747931,42.16436768,262.441925,68.80606079,3.814226858
0.5524706949,3.37541102,0.01231298487,1.169163348,0.6415845699,0.2324489445,0.0007242841799,0.9022989286,0.2114822557,45.23394775,266.3871155,77.82131958,3.42306089
0.4555995253,3.562349346,0.01414317323,1.108383992,0.5847321013,0.06377178895,0.001635615309,0.9552115987,0.1943838687,61.66949463,284.8710632,74.82839966,3.806991256
0.665803178,3.795441283,0.007777138719,1.073634991,0.62585804,0.06843971077,0.0006020669182,0.9105372943,0.2055348112,36.68988037,280.5118713,83.82540894,3.346382379
0.5930416969,2.858459796,0.01088178995,1.045446356,0.5794531343,0.02096474311,0.001457624104,0.9314252755,0.2030670289,44.7868042,280.6336365,70.13827515,4.001148244
0.4362541168,13.11307513,0.01510216849,1.089812215,0.6152306989,0.1829560948,0.0009642283668,0.9589233849,0.2200271164,64.83575439,246.9290466,76.39785767,3.232146217
0.654322041,11.06190308,0.005360116437,1.102097706,0.622564697,0.2389110937,0.000328855953,0.9503900365,0.2193556981,43.17950439,260.2501526,94.02688599,2.767826988
0.5670999766,2.552972923,0.01257151167,1.05305332,0.5628486956,0.1773742463,0.0008056811329,0.9412519721,0.203496694,52.93206787,278.393158,81.70846558,3.407151952
0.7222876453,6.621950929,0.009233725527,1.134345461,0.6332373261,0.07587386051,0.000685471117,0.9295431998,0.2212647141,40.13409424,259.9822693,78.13156128,3.327493589
0.7145075325,37.69141973,0.005631550955,1.098521783,0.6546222244,0.1581616031,0.001072705638,0.9568455845,0.2252613398,39.69903564,247.7814026,73.4961853,3.371350521
0.6263549743,45.96399521,0.007002470603,1.088390655,0.5602505575,0.08710867181,0.0001490549818,0.9455565805,0.2190548467,57.95941162,250.1192932,105.3780823,2.373541896
0.5566397378,9.824974833,0.01393661145,1.169811896,0.6295338863,0.2400604032,0.00182354821,0.9314649928,0.2268892541,41.01629639,245.0295105,60.64852905,4.040155867
0.4911780453,69.86302636,0.01271444676,1.164695435,0.6346230027,0.07961315635,0.0007357149399,0.9292574071,0.1957389552,68.57000732,266.1679382,86.98257446,3.06001449
0.625276826,38.63624269,0.01550082751,1.099196111,0.6125193847,0.1620691234,0.001535081869,0.9077135114,0.1983578123,39.32440186,274.1800842,68.89730835,3.979547109
0.5275959513,60.22263779,0.006589616892,1.150279668,0.600413742,0.2177968649,0.0005280419499,0.9143464724,0.2284904881,37.42706299,233.3400574,77.47457886,3.011827374
0.5571603549,57.6941111,0.01413026258,1.193776139,0.6443884427,0.2111799442,0.001769180146,0.9236385703,0.2193831803,42.70819092,240.9625549,62.61947632,3.848044875
0.5077652932,1.562599478,0.009310655485,1.183522696,0.5843158071,0.1636979889,0.0009411583078,0.9355739,0.2208949535,48.9319458,255.6961365,72.52896118,3.525434975
0.4485733495,14.22456253,0.005742802151,1.189783748,0.6116956075,0.04628105908,0.001939682204,0.9561401283,0.2094924875,52.26739502,262.6854553,67.30960083,3.902644676
0.6532852977,55.34456246,0.01221382316,1.096831321,0.6639070845,0.1135997546,0.0003511647266,0.9202688251,0.191644187,65.07745361,282.5818787,102.9143982,2.745795376
0.582087393,27.626706,0.009149063703,1.196830046,0.5933485083,0.09101547042,0.00184560675,0.95101877,0.2026776021,47.1071167,271.0385437,69.24404907,3.914250356
0.7170299468,2.262699467,0.01661160829,1.137653865,0.6548642472,0.2464746793,0.0007457575046,0.9494360655,0.2159725833,56.95635986,264.7067566,81.94570923,3.230269883
0.4469461842,1.280766017,0.01787144127,1.081736333,0.5854996781,0.2414436177,0.0003012911721,0.9111933415,0.1924490534,78.75762939,286.6731873,102.0384216,2.809463168
0.6623627082,7.369387004,0.0107999503,1.109506972,0.6594035714,0.172740008,0.001499113908,0.915751498,0.2285426384,32.18218994,249.2669373,62.16323853,4.009876949
0.7178723887,2.276732727,0.01500760774,1.199456877,0.6778077605,0.1422560687,0.0005545338788,0.9135467951,0.2169062557,50.34588623,263.9761658,82.54794312,3.197852736
0.5472900712,12.55077524,0.01423860646,1.123972424,0.6008309001,0.1478011154,0.0009695605091,0.9225377417,0.203142635,52.75079346,272.5484314,77.05484009,3.537070885
0.4399437821,55.9297209,0.009832948194,1.187199018,0.6664760088,0.1217570337,0.0003386126314,0.9090403077,0.2038648726,74.58831787,256.6215515,96.03433228,2.672185514
0.5903333149,8.280610538,0.01263517273,1.049743993,0.5733271891,0.2541550228,0.001591951903,0.9101176995,0.2259258094,27.61407471,249.2669373,59.24331665,4.207511519
0.5051690263,1.138220414,0.01453270856,1.079472011,0.6744035834,0.1548477655,0.001273109742,0.9473632218,0.2167771887,58.80535889,258.6428528,72.58370972,3.563373294
0.6820802552,11.69876944,0.01651650484,1.165070652,0.6168439611,0.1005281015,0.0006739187409,0.9532178137,0.2152005527,63.77227783,260.5667419,83.42391968,3.123405649
0.4764478903,51.53048266,0.01390147292,1.146514246,0.6608088352,0.166503083,0.0002691338072,0.9324636846,0.2206053493,79.22894287,238.5272522,95.46859741,2.498489123
0.6798728475,7.889365012,0.01455791584,1.07514326,0.6025684502,0.2675145622,0.000935343234,0.9501875777,0.1973242493,51.20391846,287.5255432,84.0809021,3.419629619
0.6110765248,5.724385341,0.01071112748,1.067971007,0.6491008669,0.02255195478,0.001261977997,0.9280095805,0.2033954196,50.04376221,279.4159851,74.04367065,3.773664685
0.5516102565,1.411087995,0.009448645914,1.120337582,0.6547337794,0.1750166759,0.001227997283,0.9581300469,0.2269229367,53.18585205,250.7281189,70.95950317,3.533397328
0.6261498242,1.213795931,0.007698715157,1.114693765,0.5802387367,0.1167866939,0.000424222651,0.9183166378,0.222361411,35.20343018,259.2760315,83.13192749,3.118850234
0.4572248355,1.986721458,0.006678342765,1.18292078,0.6781769449,0.04538540086,0.0003340058257,0.9445039423,0.2099200043,82.10516357,267.9457092,98.37026978,2.723848474
0.6540364112,13.9879923,0.01198733521,1.17125863,0.5972100473,0.07849109914,0.0002659040272,0.937249639,0.2096005824,67.26483154,267.8970032,99.53823853,2.69139787
0.4494047505,1.508525244,0.01041971212,1.191161715,0.6035676968,0.0379033939,0.001829011332,0.9250474124,0.1975356049,51.08306885,282.6305847,67.80233765,4.168448973
0.5609104247,65.98169797,0.01640691665,1.090016487,0.5748920647,0.2452060456,0.001005652849,0.9146963197,0.1938238043,47.07086182,272.3049011,78.3140564,3.477088452
0.4162252162,1.486933362,0.01132310487,1.192222978,0.629737133,0.1348782096,0.001857919476,0.9037504428,0.2017245634,46.76873779,274.6427917,64.2984314,4.271376234
0.5084898591,1.631105797,0.0179328487,1.050548159,0.6205159424,0.144179766,0.0001589754231,0.9371163418,0.2079656444,93.13873291,268.0187683,110.4514465,2.426575448
0.4343394744,4.590182677,0.01346628394,1.177217179,0.6100788099,0.03515523236,0.0006058456053,0.9517555045,0.1986834252,79.74859619,276.9806824,91.8734436,3.014806798
0.5750540721,1.672785271,0.01566412256,1.142291982,0.6723685077,0.1173454016,0.001013822876,0.9429101719,0.2206759598,59.24041748,255.4526062,74.44515991,3.431419941
0.6455300415,11.25095277,0.00512073355,1.086647569,0.6436755226,0.07455717347,0.000584175986,0.903743265,0.2280097261,29.47515869,250.2167053,75.72262573,3.304384956
0.5068236686,46.08293139,0.005398816294,1.152958393,0.6339051253,0.1391249414,0.00162025402,0.9011384995,0.2008828644,35.21551514,267.8482971,66.81686401,4.008693031
0.729989617,1.22995428,0.006217269201,1.132654583,0.6582538924,0.01826074755,0.001560930007,0.9031707547,0.2189386806,26.03094482,267.0202942,62.58297729,4.266660132
0.5777975935,21.30188834,0.0160230604,1.193743155,0.6288245228,0.06408039988,0.0001775961952,0.9260250684,0.2294246779,78.34674072,238.2106628,97.03805542,2.454816946
0.4674761879,7.261802858,0.01594897047,1.124533979,0.5834211964,0.1040862044,0.0009062111841,0.9376776344,0.2029538933,64.4006958,270.6732483,79.82876587,3.390673091
0.4171895028,10.90045442,0.00618325394,1.174048264,0.5690495086,0.09874458818,0.001733092998,0.9147480009,0.2209136461,38.78057861,248.8529358,59.49880981,4.182485945
0.6781758687,1.928991456,0.0174561695,1.041611088,0.6794541648,0.2260400263,0.00161588445,0.9112639998,0.2193157069,37.19744873,260.0066223,63.5319519,4.092533198
0.5405384586,1.052451986,0.01134668249,1.043449191,0.6551018457,0.03351806834,0.001142217088,0.9255035946,0.1975434858,57.00469971,287.1846008,77.93081665,3.685122435
0.6474160113,12.70941488,0.008290201763,1.184133303,0.6776949929,0.1326312974,0.0002026428379,0.9089438964,0.2124363131,49.17364502,266.0948792,101.6004333,2.619032915
0.5706297413,9.411269289,0.01659388473,1.094934719,0.60314823,0.2430658917,0.001689416958,0.9178069809,0.2222179742,38.14007568,250.2897644,60.90402222,4.109576926
0.4415361839,4.800461427,0.006716180545,1.163072358,0.5992092101,0.2684058603,0.0009159897468,0.903945765,0.2025119139,41.66888428,275.4220886,76.05111694,3.621539034
0.6021392595,1.189251812,0.007502218979,1.189203389,0.590297462,0.1343621298,0.00133693037,0.9246706495,0.2069556945,35.46929932,277.6382141,69.90103149,3.971875782
0.4313083555,38.87799426,0.01698424695,1.161846652,0.6386843048,0.0190881782,0.001610839395,0.9060454553,0.2128761534,51.8081665,246.2228088,63.677948,3.866688808
0.5170561183,1.805952031,0.01195318574,1.153460829,0.5841993558,0.09084164219,0.001418717943,0.9026389531,0.2046154885,41.36676025,275.0567932,66.72561646,4.12220685
0.7027315801,2.980858028,0.009456833842,1.077810504,0.6018749452,0.03885544593,0.0008154825548,0.9327291009,0.2117897615,41.753479,272.9624329,78.13156128,3.493625731
0.7261511071,1.341238443,0.01533435748,1.073077448,0.6057347197,0.145841003,0.001090263645,0.9234078461,0.2146383604,37.51165771,268.1161804,71.1602478,3.767780309
0.4223222141,10.18470971,0.009654660061,1.154924969,0.635451276,0.07270907428,0.0005932050098,0.9495261684,0.2009574507,77.65789795,272.7189026,91.63619995,2.976104451
0.6077063391,19.35069982,0.007311915442,1.081275381,0.668792549,0.0754565129,0.001996493714,0.9486113865,0.1957556514,48.69024658,286.2591858,71.90847778,3.980882291
0.4641253397,17.751009,0.007523954524,1.189302149,0.6735958519,0.2316420284,0.001699205776,0.9519827921,0.2132794168,52.85955811,256.7189636,69.51779175,3.692852681
0.7236934212,11.18661726,0.01791736409,1.057104605,0.6179706796,0.1557159127,0.00120850836,0.9265516899,0.2218064122,40.4241333,254.6002502,67.83883667,3.753016159
0.4786768889,58.55431105,0.01368934558,1.06453257,0.6656636191,0.07280014497,0.001788203087,0.92320713,0.1968931953,54.11639404,267.5560608,69.90103149,3.827641096
0.5208834173,3.040539256,0.01655139145,1.146907608,0.6214912701,0.04528801581,0.0004111059613,0.932026928,0.2075908563,76.63067627,268.2866516,92.493927,2.900586669
0.7230459678,12.01504156,0.009546523424,1.040548677,0.5609570263,0.03240228277,0.001339927722,0.9575807228,0.2240651989,39.34857178,255.233429,67.83883667,3.762349732
0.5264583668,7.518708045,0.01577355471,1.119830395,0.62859949,0.05119488643,0.001818700758,0.9429779405,0.2013550872,55.62701416,275.4220886,69.71853638,3.95048581
0.7141902607,1.031743221,0.01685201542,1.115870092,0.5942050009,0.1280766071,0.001700346397,0.9356307847,0.2093283482,41.05255127,273.6686707,66.43362427,4.119430088
0.7233769664,49.71454772,0.006260878553,1.190383088,0.635057353,0.2008965534,0.000199667746,0.9565625324,0.2076845267,54.15264893,264.9259338,109.7032166,2.414933146
0.4124527555,10.47281565,0.01262799958,1.163776292,0.5624921724,0.03921125391,0.0003242127878,0.9262258437,0.2278023882,71.04742432,238.7220764,85.96060181,2.777110344
0.4313571653,12.62693242,0.01187472183,1.194607379,0.6678220014,0.09321879869,0.001197066043,0.9081741257,0.2099513392,55.059021,259.1786194,70.77700806,3.661904148
0.6329489328,28.43162814,0.005161918757,1.062738169,0.6303182191,0.1709755809,0.001476936895,0.957991006,0.2246459944,39.4331665,248.7555237,68.0395813,3.656041365
0.6640833625,1.939568761,0.01768176739,1.196702201,0.6451374663,0.129983641,0.001937064179,0.9085785545,0.2027630067,41.11297607,279.4159851,64.20718384,4.351786956
0.6976642745,42.2818235,0.01676501433,1.196160937,0.6543866515,0.1862757159,0.0006040953493,0.9074715482,0.2214525572,46.14031982,244.9564514,78.20455933,3.132252819
0.5146841653,15.30744536,0.007234228447,1.060805467,0.5922884393,0.1907697858,0.001638714379,0.9217143838,0.1900362041,39.39691162,292.7370911,71.96322632,4.067870578
0.4998130709,4.123533151,0.009343608202,1.162469721,0.6033330931,0.2346356621,0.001667847166,0.957788902,0.2080158052,51.27642822,269.8452454,70.64926147,3.819505537
0.456460289,53.16768466,0.01452053479,1.070055714,0.5702772825,0.1327063081,0.001534033279,0.9434224393,0.2040536283,54.67230225,257.7174377,70.3755188,3.66203251
0.4662811545,4.010541555,0.008528671074,1.147219345,0.6321766283,0.2121110522,0.0005591511938,0.9341551591,0.2210074393,60.2555542,253.1147156,82.34719849,3.073750173
0.4151152741,10.3791383,0.006129564318,1.197941383,0.6258598192,0.2437845042,0.001613086996,0.9252959363,0.1951542782,48.64190674,281.6808167,71.85372925,3.920197596
0.506097171,3.756162833,0.01097758817,1.11272242,0.6203181363,0.1164860195,0.001488225328,0.9278981143,0.2267239096,44.52093506,247.5378723,63.18521118,3.917655218
0.5974065948,58.06215803,0.01750365017,1.046386241,0.6322090501,0.2156668083,0.001995458543,0.9344909344,0.2115573953,44.09796143,252.4815369,63.93344116,3.949131038
0.4367559279,1.607974531,0.01351225834,1.066959658,0.6010444752,0.1212363069,0.0004544589577,0.9494764678,0.1981257407,81.94805908,280.1465759,97.05630493,2.886433562
0.4665156665,42.0229301,0.005130174611,1.044320695,0.5873844279,0.1783976906,0.000362105694,0.9015745139,0.1936288022,45.94696045,278.5879822,96.58181763,2.884476489
0.5791500124,4.787905547,0.01401801672,1.188765146,0.583170919,0.08000527923,0.001264911558,0.9028525207,0.1964999895,43.43328857,285.9425964,71.57998657,3.994728277
0.5762869135,3.714098377,0.008139708213,1.179858119,0.6231975063,0.0340097651,0.0008955535011,0.954829801,0.2017630387,63.03509521,281.997406,84.06265259,3.354609893
0.4553741231,23.25489271,0.01400262368,1.17115215,0.5745572235,0.1872570298,0.0003175331906,0.9420977494,0.2245198595,73.35565186,239.4039612,90.03024292,2.659150452
0.7053447476,1.010657058,0.00897799106,1.159561114,0.5656874686,0.2671726696,0.001445000703,0.9588619624,0.1920264504,37.18536377,302.2104187,78.29580688,3.859854451
0.423221912,4.864127997,0.006768423561,1.060046882,0.5880784904,0.2588495078,0.001778510626,0.9016071429,0.1960967265,36.03729248,283.9456482,65.63064575,4.326418626
0.4604480258,3.208929715,0.008731885642,1.045910094,0.5992816864,0.166204208,0.0007612676191,0.9270830561,0.2280821758,50.33380127,245.7601013,73.05819702,3.363894968
0.56276854,54.56342573,0.01301793211,1.1984255,0.6443512649,0.1234189203,0.001750594956,0.9492472965,0.2220212808,49.76580811,239.257843,65.13790894,3.673096772
0.6006349993,24.23057376,0.01160582578,1.110709691,0.6302149872,0.1901142529,0.001096043322,0.9506457545,0.2226533455,50.53924561,248.2197571,72.58370972,3.419772261
0.5634342969,49.11517806,0.005011980008,1.051137627,0.6250037314,0.2521458499,0.001272089973,0.9570557218,0.1945622177,48.69024658,279.8543396,81.16098022,3.44813898
0.5032515558,15.60915364,0.00816128501,1.131758038,0.5822716043,0.1257348813,0.0004005362747,0.9525684619,0.2201939705,67.53070068,251.1908264,89.42800903,2.808860771
0.7125100754,1.045754799,0.0111533921,1.113784156,0.5761647159,0.02039194471,0.0008341144579,0.9019413303,0.2231487124,29.13677979,259.3977966,69.49954224,3.732366981
0.5492352396,6.409634643,0.01272035984,1.144662278,0.6175154333,0.2014997344,0.00108819146,0.9331527674,0.2103055127,50.95013428,266.2897034,74.26266479,3.585781686
0.6919082356,9.989795237,0.01103407225,1.086575574,0.6290507027,0.03081350915,0.0001758463513,0.912886962,0.2158092332,53.70550537,263.8787537,101.6551819,2.595821962
0.4381983996,13.25280839,0.005335302488,1.064794462,0.6754412252,0.1371017971,0.001797895882,0.9076753784,0.2080521872,42.27313232,265.4617004,64.49917603,4.115737856
0.6030530069,18.07570059,0.01027915088,1.067416933,0.6631571454,0.2435679982,0.0007524135719,0.9166071617,0.2192479876,40.56915283,254.8437805,76.59860229,3.327003012
0.498801962,1.950412218,0.0132732867,1.070855996,0.6317870238,0.1446471713,0.001950616062,0.902896204,0.223315934,37.62042236,251.0690613,57.27236938,4.383772908
0.5189744984,3.434797846,0.006277205405,1.162894748,0.5667428829,0.2358002024,0.001059066269,0.9117784483,0.2035965238,32.18218994,278.3688049,73.021698,3.812138208
0.6204072227,27.96025734,0.01584047658,1.061638362,0.6194237834,0.1475276966,0.0008586136982,0.9370274808,0.2296213272,50.84136963,239.3552551,72.29171753,3.310963736
0.5741828805,1.750608223,0.01397778538,1.145510728,0.6633213082,0.1489478568,0.001609623461,0.9476949545,0.2104830534,53.7901001,268.603241,70.43026733,3.813747287
0.4203787201,2.285055857,0.0155413199,1.066345434,0.6006532985,0.1443224541,0.000119624452,0.9226402112,0.2103315599,94.64935303,261.8087463,111.8749084,2.340191826
0.4513018092,41.6428199,0.01045864924,1.132174688,0.6540293522,0.1978985547,0.0008642246832,0.9078238732,0.2112413619,53.21002197,251.6535339,75.74087524,3.322559095
0.7257515701,6.060113695,0.01248542765,1.104968567,0.6041994957,0.1606429083,0.0009119327058,0.9205296745,0.2060049326,34.53875732,278.2713928,76.92709351,3.617339225
0.6979830387,4.413116808,0.01140039089,1.149359099,0.5703996872,0.1189311243,0.0003938636748,0.9174664962,0.1994766718,38.75640869,287.5498962,93.66189575,3.070084093
0.6921946903,7.070549407,0.005677483441,1.054689335,0.5930940698,0.1616768306,0.0009891469341,0.9513683314,0.2159888725,34.39373779,267.1907654,75.68612671,3.530247576
0.6691206287,12.89977558,0.01306064766,1.196630638,0.6213041293,0.1067714315,0.001573524303,0.9440646986,0.2005331653,48.83526611,280.1465759,72.65670776,3.855756537
0.5382240557,3.461980308,0.01458265093,1.036743293,0.6699855624,0.04334182328,0.001495203233,0.9362837545,0.2293637968,50.70843506,244.8833923,64.42617798,3.800992081
0.5968521302,2.408520013,0.00729912148,1.125177923,0.5876743653,0.2503710135,0.0006993159024,0.9505733823,0.1955585704,49.33074951,293.1754456,89.95724487,3.259053187
0.4621499943,23.71537096,0.007609509237,1.076125927,0.6254835369,0.2459696711,0.0006789615331,0.9113690202,0.2166321706,46.63580322,251.8727112,77.73007202,3.24035093
0.6230650907,7.68119635,0.005575375348,1.135143345,0.5731636249,0.2534758603,0.001760514787,0.9106269245,0.2284613779,19.13043213,249.9975281,57.05337524,4.381818376
0.6967404316,1.717167633,0.008770691897,1.111822567,0.6567174734,0.1730312655,0.001299957458,0.9423086052,0.2140671571,39.61444092,270.7219543,72.05447388,3.757184527
0.4731539939,1.395423398,0.01586327837,1.071614671,0.6351310507,0.2552199376,0.0006199507429,0.9279944855,0.2244208227,61.04107666,247.8788147,78.73379517,3.148315335
0.6848806012,36.96123226,0.007704561732,1.073402725,0.5821983807,0.2250657502,0.0008269896855,0.9084721872,0.1954297922,24.00067139,284.3596497,80.75949097,3.52106788
0.7227124283,1.689595794,0.007197030452,1.175126631,0.5610841417,0.1582844899,0.00128835686,0.9049712986,0.2022214309,20.29058838,287.9395447,68.91555786,4.178150096
0.7029940867,8.847266676,0.006823086525,1.073921268,0.5982083474,0.09583352861,0.0007586754411,0.9082784446,0.2072840546,26.284729,277.3946838,77.98556519,3.557000365
0.5080527415,11.96347529,0.006956230663,1.188623926,0.5962093875,0.03186385812,0.000925303434,0.9064025956,0.2047485596,45.35479736,271.7934875,75.01089478,3.623386821
0.4691383581,1.134787074,0.01650136285,1.037737629,0.577368976,0.06988089706,0.001578321882,0.9122174589,0.2179265973,45.35479736,255.1360168,61.76174927,4.130971352
0.4969691158,3.979240871,0.01614071475,1.110355783,0.5681065071,0.1417654654,0.001549304646,0.9187900203,0.2234447405,42.99822998,248.3902283,61.08651733,4.06620379
0.709728727,13.73103666,0.006489885036,1.123452351,0.6000753482,0.2507897046,0.001251082325,0.922999897,0.219147572,21.75286865,260.5667419,67.27310181,3.873267843
0.5691556319,2.44406504,0.01733265598,1.178085105,0.5896482837,0.1305848637,0.0009964070799,0.9334970448,0.2054882041,57.48809814,272.5240784,76.78109741,3.5493642
0.5330666685,1.202069771,0.01006375661,1.104689463,0.5767216089,0.05065628875,0.001257421674,0.9134075447,0.2187409597,40.17034912,259.3247375,65.3934021,3.965610126
0.4479591932,2.611999894,0.01252894125,1.102441065,0.601708622,0.08929043768,0.001910539889,0.9456108365,0.1997226801,54.86566162,278.2226868,69.07980347,4.027554695
0.542869854,7.195865913,0.01110142752,1.057505762,0.65169759,0.04707096606,0.0003754780017,0.9473233043,0.2222412766,73.45233154,252.7250671,90.66897583,2.787337839
0.4502172972,29.44788422,0.010579185,1.1634044,0.5830675941,0.154122637,0.001016297748,0.902577262,0.2174418886,44.27923584,246.8316345,68.38632202,3.609371395
0.6760089557,2.722278639,0.01015443802,1.116208221,0.6485988931,0.01252339953,0.0007770785242,0.937475563,0.1948325088,58.99871826,295.4646301,87.80380249,3.365055063
0.6412806808,62.26754046,0.006052453792,1.036471418,0.621198773,0.166794969,0.001883322389,0.9381900791,0.2080889179,32.50848389,261.8574524,66.15988159,3.95794923
0.655225146,1.642930612,0.01135368765,1.037893733,0.5853360361,0.01386156016,0.001285590989,0.9126388674,0.2205223592,34.13995361,260.7859192,64.59042358,4.037532264
0.5851629061,2.369038909,0.01665576882,1.121893356,0.5962908893,0.1392414806,0.001403917939,0.9066832534,0.2114947977,41.137146,266.1922913,65.57589722,4.059300788
0.5564710662,12.2618751,0.008083162053,1.165224982,0.6115493355,0.156279451,0.001071662508,0.9501212073,0.2280931893,48.20684814,245.3217468,70.66751099,3.471492676
0.6628470957,4.383816189,0.01355397788,1.055384367,0.5876001639,0.02962336764,0.001092919453,0.9262829696,0.1960920014,47.42132568,290.9836731,77.5475769,3.752324505
0.7287159456,2.218067412,0.01578512343,1.115099424,0.5634023494,0.2392075509,0.001789820824,0.9337348364,0.2116971943,31.10662842,270.9898376,63.80569458,4.247110535
0.6123365274,60.33852886,0.006031851321,1.156132579,0.6651640584,0.01780511108,0.0006594758147,0.9054548852,0.2219087132,40.82293701,243.2760925,76.39785767,3.184331341
0.570122191,1.897283863,0.01636273858,1.055029745,0.6009421803,0.1244541191,0.001213203226,0.925122517,0.2274427013,45.51190186,247.8057556,65.48464966,3.784180826
0.6384945448,20.95444471,0.01363649168,1.057717619,0.6784361074,0.2365053933,0.001920212143,0.9537306299,0.1990236569,50.87762451,279.7569275,72.63845825,3.851361031
0.6757092628,1.453333379,0.0175806852,1.144952034,0.5980851694,0.05598905532,0.0005646335619,0.9459334202,0.2109504103,66.26177979,269.6260681,86.63583374,3.112177219
0.5324655645,2.944526586,0.01116191689,1.049220322,0.6750157427,0.2030907242,0.0001733554289,0.9251620908,0.1950995722,85.40435791,289.4981384,115.9080505,2.497653417
0.6212367662,30.40283086,0.01739905912,1.105318325,0.60126937,0.08811837023,0.001382236514,0.941711418,0.2119275083,51.78399658,257.4739075,70.12002563,3.671902643
0.617195976,40.38776588,0.01740650377,1.08018608,0.6759425548,0.1345677219,0.0002797570402,0.9311716062,0.2261525323,73.06561279,239.4039612,92.6399231,2.584241795
0.6884959892,30.72442564,0.01051288676,1.195406588,0.6446984426,0.09398237782,0.001628501075,0.9528346764,0.2288357479,43.55413818,241.9610291,64.79116821,3.734475481
0.6994909586,5.145450238,0.005599146466,1.038351026,0.5630215264,0.1761095492,0.0004221161845,0.9099345314,0.2163393467,20.10931396,267.9213562,84.0809021,3.186471
0.5202072865,33.26748668,0.01727749243,1.060632736,0.6435451333,0.1967675165,0.001032415164,0.9528591322,0.2273557205,59.34918213,236.6764221,72.67495728,3.25664343
0.4262024901,1.570592443,0.01130025917,1.169941707,0.615765583,0.02432745371,0.001225556661,0.9454174653,0.1934195843,66.80560303,287.0384827,80.01126099,3.587476052
0.4859824775,63.66781148,0.006579651448,1.104404349,0.64002409,0.2546892848,0.0004515129067,0.9299166888,0.2076539489,59.01080322,255.1116638,91.19821167,2.797331868
0.6872378133,34.50447352,0.01719058239,1.178585794,0.6682569357,0.04896695081,0.001562519855,0.9527795826,0.2201093984,53.99554443,247.9518738,68.53231812,3.618028408
0.7058077028,39.10828715,0.01647637958,1.061544371,0.6493052806,0.2239316499,0.0006885831348,0.9147699953,0.1916227989,47.42132568,286.6488342,88.71627808,3.231073715
0.4410294196,30.9662523,0.01798360133,1.04671652,0.5970654383,0.2273632026,0.001061606852,0.9038190254,0.2097598054,51.57855225,253.5530701,70.74050903,3.584269799
0.5917933195,66.67292767,0.01050902982,1.050689335,0.6239529425,0.20004565,0.001990483749,0.9103086266,0.2022842514,32.30303955,265.072052,63.60494995,4.167475208
0.4500366431,17.38249154,0.009503043593,1.10896289,0.6425145615,0.02187727484,0.0007138993472,0.9218004022,0.2133200637,62.40667725,256.0857849,79.53677368,3.219715524
0.5118991227,4.718648502,0.007861632278,1.191224222,0.6653112581,0.1237010153,0.0009180538608,0.9036862464,0.1970582656,49.91082764,285.6260071,79.75576782,3.58125832
0.5148752661,1.829773744,0.009001621157,1.098444082,0.6266765296,0.1105485725,0.0005086216092,0.9535288731,0.2251735225,66.47930908,251.4100037,84.71963501,2.96755296
0.460035654,67.51799743,0.005907528315,1.070559349,0.6646570599,0.1374185718,0.0005106666675,0.953071475,0.2295447568,67.08355713,229.8575745,83.89840698,2.739713217
0.6355012398,12.14719613,0.01375350563,1.082162915,0.6698451574,0.07893315748,0.001366381534,0.9190642171,0.2242051538,43.31243896,250.5576477,65.37515259,3.832612817
0.6739912002,65.5102712,0.005141779425,1.172973655,0.6124691192,0.03493726093,0.000996043199,0.9185331319,0.1925193283,34.90130615,281.6564636,80.44924927,3.50104527
0.6402760699,28.49587518,0.01627792338,1.128195713,0.6659135266,0.2194972567,0.001642966441,0.9176182304,0.1966932203,44.81097412,278.7828064,70.9960022,3.926739503
0.5223563925,19.95789833,0.01605779253,1.132564866,0.6704016909,0.2040134437,0.0002440681595,0.9329127295,0.2236072072,78.96307373,243.5439758,96.16207886,2.532640504
0.5184779,6.44745703,0.007918023821,1.115613725,0.6138957383,0.06822582856,0.0007507519317,0.9045336152,0.2057410269,46.87750244,273.3764343,78.69729614,3.473771625
0.5320580402,29.59129025,0.006507397702,1.129648074,0.6405766657,0.1801674332,0.0006077691685,0.9012859129,0.2073933387,40.29119873,264.2684021,82.29244995,3.211332294
0.6247001615,1.761025507,0.008305156166,1.128513563,0.6038833505,0.152098266,0.001710346973,0.9586383638,0.217310374,42.81695557,264.6336975,67.27310181,3.933722252
0.5439749121,4.202947808,0.01330031342,1.101346497,0.6403611438,0.0420225377,0.0002407314328,0.9362099637,0.213912864,81.77886963,262.6123962,100.268219,2.619099041
0.5534450792,1.549943259,0.01734005885,1.160124786,0.5975718506,0.2379100183,0.001895221557,0.9536081135,0.2086477294,51.28851318,268.4084167,67.4190979,3.981192646
0.5437044219,6.341928784,0.01470620281,1.193251106,0.6073373949,0.1976619732,0.0004977979777,0.91071475,0.2212461219,54.17681885,251.677887,80.74124146,3.117092113
0.5575389012,29.12968708,0.01082416482,1.053239246,0.5966664556,0.2326782398,0.001624971355,0.9209982953,0.2265041961,32.9072876,242.2776184,60.57553101,3.999595454
0.7203800672,19.1877537,0.008544123409,1.160589685,0.6716840008,0.1675355983,0.001216442208,0.9010400962,0.2034486618,27.73492432,277.8573914,72.07272339,3.855236465
0.5357709418,33.71818298,0.005962218329,1.092767044,0.5709303131,0.20678026,0.001888749613,0.9186671316,0.2028387805,29.64434814,269.9183044,63.89694214,4.22427577
0.5769168787,25.24037083,0.01429458272,1.063144173,0.6671268809,0.1991574752,0.0007402985685,0.9585042546,0.2091729413,68.77545166,262.5636902,86.36209106,3.040265549
0.4139204288,1.130089189,0.010140858,1.079944728,0.5943719524,0.08053739048,0.00192728773,0.9239725187,0.2298357054,42.61151123,242.1315002,57.16287231,4.235817593
0.6647448709,16.29888723,0.01098837265,1.113051609,0.5867944109,0.1780771498,0.001547911821,0.948814266,0.207002995,40.54498291,271.7934875,70.48501587,3.856046341
0.4334986796,7.942281068,0.01363126506,1.127357696,0.6221474224,0.186090791,0.0008480128543,0.9260091674,0.2225027361,57.77813721,246.1741028,73.55093384,3.346988134
0.5540331931,5.207934889,0.01215580627,1.122364338,0.6236135428,0.1728141307,0.001994298481,0.9521164673,0.2062218803,49.24615479,272.7189026,67.74758911,4.025514504
0.5641010746,3.195279625,0.006173846733,1.08487135,0.5927627845,0.1744948664,0.001802767963,0.9181723171,0.2233948501,27.95245361,255.7691956,59.26156616,4.31593716
0.6936426343,1.121249466,0.005594061341,1.130425231,0.6644434644,0.1512278595,0.001439902041,0.9483823752,0.2243193083,36.37567139,259.9822693,68.0395813,3.82104452
0.6432938146,35.40688566,0.01094758723,1.145908425,0.5960873568,0.05980221614,0.001170395034,0.9415274357,0.2238381409,44.66595459,245.3460999,68.93380737,3.559154923
0.4508618514,3.784070199,0.01177766079,1.03924992,0.6573833804,0.2222632386,0.001200315508,0.9555895518,0.2082370951,62.87799072,267.1420593,77.45632935,3.448937764
0.5349110995,26.41064259,0.01394441301,1.097500834,0.6263110455,0.2485044025,0.001371998851,0.9209745577,0.1944754366,48.62982178,280.0735168,74.57290649,3.755700696
0.424472824,2.849114005,0.00571598035,1.087110728,0.5741898853,0.2189549101,0.001983083003,0.9480855752,0.1965389947,47.45758057,284.8467102,69.18930054,4.116918483
0.5509009268,23.62876178,0.007832668316,1.109848772,0.6051348033,0.266049847,0.001167970338,0.9526957959,0.229018793,43.55413818,241.2060852,69.26229858,3.482501883
0.6238976605,1.494191827,0.01553255935,1.043271304,0.6763008281,0.2237280176,0.001813524476,0.9534307489,0.2051188266,52.43658447,277.3703308,71.39749146,3.884875017
0.608336137,43.16567854,0.01507797855,1.165854283,0.5862348236,0.2570339059,0.0003117279815,0.9091051677,0.2006449283,50.50299072,268.5058289,97.0015564,2.768056914
0.4452990003,5.078679513,0.005710333198,1.133035311,0.6337672259,0.08331371582,0.0008692973696,0.9468195035,0.2110526978,62.3583374,264.9015808,80.06600952,3.308539821
0.6072549512,4.066631697,0.01082819141,1.186161398,0.6202158117,0.12653106,0.001454518015,0.9137629698,0.2157332793,36.82281494,263.318634,65.11965942,4.043611965
0.62868712,32.34085432,0.01668253848,1.190218497,0.6273726514,0.2317365481,0.001045779815,0.95808618,0.1985301354,63.89312744,273.5956116,83.40567017,3.280299901
0.6526325084,5.108388809,0.01332662919,1.135395926,0.6684455042,0.08532459017,0.001679345458,0.9465583107,0.2061311451,51.68731689,275.6899719,71.05075073,3.880183799
0.6654852744,1.529827444,0.007616636939,1.119556908,0.5921526532,0.2147343281,0.001498589659,0.905421955,0.206885366,22.55047607,279.8056335,65.7036438,4.258601462
0.5618103037,2.421887611,0.0144201649,1.072530373,0.5913350631,0.1449994459,0.0006928026622,0.9596313161,0.1945767858,72.26800537,289.9608459,92.07418823,3.149208823
0.5138221982,2.629841355,0.01017422487,1.166768459,0.6738652354,0.2085458298,0.001851943959,0.9088551041,0.2294935633,36.85906982,245.443512,58.16659546,4.219664397
0.6147452468,4.654701499,0.01196318395,1.15599248,0.6752626898,0.05826669774,0.0002826232073,0.930600387,0.204843912,77.36785889,276.8832703,101.8924255,2.717407784
0.4299866721,10.84487441,0.006152502879,1.058377947,0.5777130341,0.1536908372,0.0009799081846,0.9033625682,0.1931380876,44.85931396,286.1861267,77.62057495,3.686987978
0.5980909104,19.64796343,0.01656573334,1.081835985,0.6456257623,0.06532686265,0.001129992082,0.950323118,0.2198957592,58.51531982,250.825531,73.1859436,3.427236415
0.5765250569,4.200398977,0.01526195306,1.139803026,0.6517895383,0.102377589,0.001258931951,0.9417659811,0.2045380309,58.69659424,274.6184387,75.70437622,3.627510752
0.4814219835,16.09569347,0.01059294142,1.091614357,0.6617241126,0.254335893,0.00134944128,0.9233443285,0.1979257875,51.44561768,277.6382141,74.84664917,3.709427439
0.5325804341,23.87494404,0.01516882629,1.151281128,0.6769234032,0.1819752006,0.001507403322,0.9457494871,0.2130021976,56.29168701,255.1116638,70.81350708,3.602584794
0.4271222956,69.37663846,0.01152624884,1.057428316,0.6269838232,0.2125180305,0.0008287202818,0.9398408179,0.2151502049,61.95953369,241.7418518,78.38705444,3.083951215
0.7271582709,42.00101546,0.005516931524,1.174886002,0.5911646201,0.07016108091,0.0008977473856,0.9379438391,0.1927806468,35.40887451,287.8664856,84.46414185,3.408150243
0.7075320961,12.20906865,0.007549243738,1.194942278,0.6118501999,0.156133207,0.0005737093979,0.940823824,0.2266290474,37.3303833,251.5317688,80.17550659,3.137264478
0.7037541586,22.0036402,0.01092462693,1.199278125,0.6165995372,0.01969996008,0.0006436920655,0.9178221067,0.1917950726,49.43951416,291.6899109,89.17251587,3.271074143
0.4518513497,19.08801072,0.0113785865,1.192980985,0.6463238965,0.2564513255,0.001407811327,0.9165705073,0.2161698358,47.07086182,250.6794128,66.6343689,3.762013762
0.6680386901,5.257296866,0.01343743751,1.164920235,0.6189497257,0.04924207175,0.0007546237453,0.9405358557,0.2119675039,57.29473877,268.2379456,80.92373657,3.314700444
0.7001357865,2.910200694,0.01259106749,1.098882967,0.6086711949,0.07792244115,0.001053028358,0.9569610132,0.2007299038,56.18292236,286.3322449,81.50772095,3.512946277
0.4346469588,2.056062211,0.009613416965,1.118836732,0.6091160149,0.06344122411,0.001431716172,0.9526373218,0.2058487543,59.55462646,270.9411316,73.31369019,3.695641713
0.5557832839,3.427814377,0.0133888921,1.186059248,0.6136809407,0.1388861366,0.001352060012,0.9164935156,0.2148511798,44.12213135,261.6626282,66.78036499,3.918256934
0.490960589,2.212162684,0.008579288559,1.163178512,0.6731203005,0.2474926303,0.0004301857238,0.9385870506,0.2130736355,68.7633667,264.4632263,91.709198,2.883715397
0.5282154227,2.505671121,0.01713837531,1.189914197,0.6358667845,0.1641543806,0.0001041765605,0.9297592176,0.2075598501,99.12078857,268.2379456,117.8972473,2.275184126
0.4768359433,1.336987898,0.009377812149,1.048003283,0.6629964888,0.04010331385,0.0001420540432,0.9203702594,0.1972198832,94.44390869,285.6747131,117.349762,2.434386814
0.7090011786,8.67365176,0.007275653506,1.172161721,0.6058210839,0.01722513387,0.001570068691,0.9008495794,0.1914008952,28.19415283,299.799469,69.73678589,4.299014719
0.661189067,1.366458884,0.01536030862,1.120732327,0.6539815338,0.07686574606,0.0004144939717,0.9194297235,0.2199233073,60.2555542,259.5195618,86.45333862,3.001845457
0.6024986187,10.12777415,0.00848317677,1.060919274,0.6163768611,0.1276909352,0.001012193275,0.9398491965,0.1916823849,51.04681396,295.2698059,83.73416138,3.526276505
0.7289357492,25.01570194,0.01042956828,1.119931722,0.6432267215,0.2368588881,0.0003614985925,0.9411135877,0.195538622,50.04376221,287.0871887,102.8231506,2.792048162
0.4324447893,5.53827015,0.01439065661,1.194214449,0.5780792137,0.1223443626,0.00161705064,0.9159895037,0.2032393498,49.89874268,269.6017151,66.34237671,4.063793437
0.6518943886,2.320886953,0.005028585222,1.126713759,0.6190838845,0.025427461,0.0004340309385,0.9148508517,0.2084842108,37.94671631,277.9548035,88.80752563,3.129856411
0.4795820106,15.68533682,0.01737512314,1.156444643,0.6603716648,0.01448627695,0.001694675595,0.9110869036,0.2171349198,50.55133057,249.5348206,62.65597534,3.982618085
0.4252814926,4.488308123,0.009252865821,1.168712964,0.5867133657,0.200185125,0.001131671803,0.9221090216,0.1947094117,53.66925049,284.4814148,77.03659058,3.692808997
0.4930190804,32.79323682,0.008656276024,1.196138847,0.6185230981,0.07654233945,0.001203812045,0.9560249551,0.2103600902,59.51837158,256.5241394,75.54013062,3.395865712
0.6536975211,3.912902946,0.005278832676,1.181422434,0.5789463693,0.01933232314,0.0002127340634,0.9180451634,0.2195187701,36.50860596,262.8559265,95.90658569,2.740749497
0.6408521225,1.976000885,0.01634344011,1.157151178,0.6132714525,0.2585019491,0.001310717515,0.9411872106,0.2261075366,44.44842529,250.825531,66.96286011,3.745741006
0.551772243,4.495823354,0.01437877027,1.149638983,0.6082355585,0.2511387497,0.001370635577,0.9441268269,0.2032650829,52.60577393,275.6412659,73.9524231,3.727278355
0.5806031828,3.405575626,0.01481952279,1.169475112,0.5710347198,0.2027126305,0.001630074966,0.9593101622,0.1938379327,55.07110596,290.3504944,75.48538208,3.846446642
0.6090679638,1.183005046,0.01352767082,1.124153904,0.5969276462,0.1680009572,0.0001387365262,0.9067728144,0.1997266481,59.88092041,285.0171814,112.7691345,2.527439646
0.6429856747,1.360932683,0.01651430706,1.150994024,0.6741962357,0.2241261908,0.00103610378,0.9470973775,0.2151688529,57.45184326,263.9031067,76.68984985,3.441173861
0.5814158616,9.905653175,0.01382191085,1.109241405,0.5779612428,0.0330362437,0.001622629547,0.9295257301,0.2167277982,43.59039307,257.936615,63.65969849,4.051803906
0.6864958489,19.77770721,0.01348877785,1.04548522,0.5870825171,0.03672250313,0.0005672938624,0.9176857553,0.2095380674,45.59649658,267.775238,83.07717896,3.22321053
0.630591079,5.214679362,0.01469454627,1.059800826,0.5917154235,0.1922914867,0.001986310077,0.9154864329,0.1910454508,35.77142334,296.5361633,67.1088562,4.418733683
0.7166776594,1.77263734,0.007480219677,1.069366213,0.6268207464,0.1751754517,0.001606522083,0.904840212,0.1903089187,24.38739014,305.9607849,71.01425171,4.308442004
0.6815572541,12.42511614,0.01632656759,1.194308871,0.6602196885,0.1791751712,0.0001506385915,0.953291525,0.2030187609,95.41070557,275.6656189,117.6965027,2.342173409
0.5848203356,1.791222304,0.01575234473,1.045684258,0.6675860245,0.2109691485,0.0001903259735,0.9597712519,0.2282154324,85.41644287,247.8301086,101.910675,2.431836591
0.459143346,44.92845178,0.01100079716,1.14755695,0.6236833875,0.0231694612,0.001872855085,0.920070038,0.2094834534,47.79595947,252.9685974,63.42245483,3.988628287
0.6923114767,2.683915431,0.01783617564,1.095218302,0.6114361967,0.1032997726,0.001662909448,0.9484470616,0.1921870215,53.64508057,296.1221619,75.13864136,3.941010331
0.7222030848,3.064294527,0.01493485899,1.066524146,0.5804185313,0.1192622994,0.0005887289808,0.9594309853,0.2150455022,58.9262085,266.9472351,85.7963562,3.111405273
0.4132862097,2.323763648,0.01370198845,1.133517674,0.6193989963,0.1822502594,0.0008522442913,0.9383095473,0.221643197,61.92327881,248.5363464,75.2116394,3.30449314
0.7158354292,22.52602041,0.0140880005,1.193443778,0.6494943162,0.1889864868,0.001923271839,0.9030904482,0.1987398609,31.78338623,280.2683411,65.13790894,4.302691714
0.5875630712,25.06941809,0.01710489987,1.088664437,0.6370691283,0.1471440929,0.0009609734805,0.9276927126,0.2024567826,57.82647705,270.1374817,79.15353394,3.412829071
0.6900660322,17.47094394,0.01266904497,1.115462151,0.571603551,0.03818261929,0.001243338807,0.90565399,0.2091229847,32.23052979,268.6763,67.51034546,3.979779665
0.5297221105,11.31036478,0.01417999785,1.141921642,0.6554787237,0.2636625513,0.0009712395131,0.9031624404,0.1914681864,51.48187256,288.7675476,80.83248901,3.572419347
0.4182643379,59.10868675,0.01020573643,1.104172621,0.5757578685,0.03579951129,0.001803808492,0.928675712,0.1970025347,51.60272217,265.047699,67.91183472,3.902820474
0.5914361164,14.64271011,0.009646044011,1.044610839,0.6112804745,0.1643947009,0.001865057259,0.9010665407,0.2202838871,27.215271,254.7220154,58.11184692,4.383306139
0.5047803397,31.80950903,0.009512107292,1.175430987,0.5673977753,0.1498181344,0.001793608503,0.9009496492,0.1992689934,34.35748291,271.4768982,63.64144897,4.265724658
0.5735902983,3.816432303,0.01214531112,1.04883433,0.6413144926,0.01489500203,0.0009026664208,0.9590440861,0.2244641687,61.85076904,252.2623596,76.4526062,3.29959137
0.4652203158,5.938172062,0.0093184206,1.059515144,0.5942608662,0.05788278329,0.001049493679,0.9306916409,0.2295936127,49.65704346,242.8864441,67.60159302,3.592910067
0.4806887717,1.631911528,0.01378883356,1.105487912,0.6592388315,0.08116650666,0.0001300505863,0.9212861108,0.2010158101,97.90020752,277.8086853,116.8935242,2.376596029
0.6908167088,8.786807812,0.01680483166,1.115392963,0.65364231,0.01648164792,0.0005080682492,0.9471727127,0.2107343402,71.86920166,267.7995911,90.19448853,2.96913476
0.6449638112,26.38814085,0.01434629798,1.176871523,0.6275613833,0.09548532451,0.001449387875,0.9413697339,0.1908044494,55.07110596,288.4022522,77.71182251,3.71117602
0.5215221699,8.161584657,0.00918127812,1.045280059,0.57655083,0.09746884737,0.001599861691,0.9467321734,0.2254754484,43.77166748,248.7798767,63.56845093,3.913574628
0.6942809901,8.119909119,0.01063108696,1.10254382,0.6150501589,0.04600035957,0.0009574447373,0.901655468,0.1912613516,36.04937744,298.7035828,79.60977173,3.752096963
0.4762465852,11.51629915,0.01028456543,1.064494182,0.5791549478,0.2571622162,0.000408046029,0.9108309565,0.2131949704,49.81414795,259.4221497,86.56283569,2.996922959
0.7013810914,41.81113516,0.01294779046,1.195350114,0.625047243,0.01515356553,0.001526106345,0.9155727181,0.2140314149,38.64764404,255.3551941,65.02841187,3.92682501
0.4839927118,4.570525644,0.009476558268,1.116682923,0.6498613647,0.08247572125,0.0009986823394,0.936380865,0.2078778288,59.89300537,269.3094788,77.78482056,3.462236936
0.668219605,5.521736839,0.0142827268,1.040294338,0.5990190972,0.1566520177,0.0004501207046,0.9553792096,0.2278718952,60.18304443,249.900116,85.34011841,2.928284149
0.5449185317,10.53887882,0.007140573559,1.124265871,0.6478814292,0.2416644239,0.001198885754,0.9340612255,0.1949283125,47.48175049,288.0613098,79.29953003,3.632572724
0.5839207623,2.585833938,0.01052779812,1.139242287,0.6276210728,0.1632376176,0.001958762041,0.9282582187,0.2016256281,40.61749268,282.1191711,66.41537476,4.247799131
0.6153641148,3.986247291,0.007682267314,1.142429429,0.6489273864,0.1070003435,0.001105437077,0.9430452816,0.2118322109,48.79901123,270.1861877,75.46713257,3.580183565
0.534178044,3.948230354,0.009542067863,1.067630994,0.6188421353,0.1320467262,0.0001029847317,0.9281433202,0.2123034241,82.39520264,266.2409973,114.7765808,2.319645658
0.53986598,2.419724262,0.008153809565,1.094472773,0.5659933443,0.2410775328,0.0006683284815,0.9254062981,0.1901538114,43.61456299,298.898407,88.93527222,3.360853343
0.4288224094,43.86423663,0.01705446384,1.039455817,0.5759968806,0.2423233755,0.001869531084,0.9130074263,0.1922000715,47.92889404,273.5956116,67.09060669,4.078001751
0.4264289113,3.039369786,0.01524445399,1.041769505,0.6740321668,0.01270833889,0.0004484066069,0.9376383264,0.2105389071,80.83624268,261.8087463,91.67269897,2.855907476
0.6554398687,54.08540144,0.01638281713,1.188961913,0.5940641117,0.01567560447,0.001248335172,0.949075556,0.1983995419,59.2041626,269.7478333,77.58407593,3.476845345
0.421185823,1.598024468,0.01563674982,1.128318943,0.5958453268,0.2527226602,0.001529749589,0.9372773003,0.2142715306,52.87164307,256.9137878,67.05410767,3.831439964
0.5732856469,29.99964314,0.01396066254,1.157022562,0.5666411511,0.09803289114,0.001297456169,0.9465849171,0.2176101037,49.93499756,249.9975281,69.07980347,3.618966985
0.6478517213,25.41219521,0.01568652404,1.177993627,0.5632021688,0.1933001289,0.001724442347,0.9432346668,0.2044553191,42.93780518,268.8711243,67.96658325,3.955931156
0.6752637109,27.17923681,0.01386373201,1.182849226,0.6787445372,0.1604244666,0.001978478428,0.9179523386,0.2215705637,36.56903076,249.1695251,60.24703979,4.135796978
0.6796675485,8.239642166,0.00670962779,1.088202234,0.5741494325,0.03758407274,0.001542066644,0.9430777418,0.2169233582,34.07952881,264.5849915,66.06863403,4.004698982
0.563642835,58.28787976,0.01009649183,1.164004043,0.6762085847,0.1957015773,0.00142780404,0.9365196354,0.1976387138,52.25531006,269.9426575,76.01461792,3.551194032
0.4894009803,11.5933813,0.008417865757,1.107605205,0.6735545113,0.1099079074,0.0003494547258,0.9077480658,0.2145752492,63.95355225,258.7159119,90.68722534,2.852837441
0.6676838082,46.37290366,0.01778347862,1.096373253,0.6392690036,0.06737819573,0.001461615697,0.9134407611,0.228242391,40.95587158,237.1634827,61.8164978,3.836572616
0.5807083215,2.69934176,0.01358459322,1.187879983,0.5855702266,0.135408619,0.001337642056,0.9052115968,0.1986557368,40.53289795,284.2378845,70.21127319,4.048322607
0.6435366151,2.374753785,0.01572628694,1.079111915,0.6206577823,0.08158111648,0.001991719526,0.940116977,0.2014103004,47.19171143,282.3627014,67.49209595,4.183641024
0.4860830099,14.68726851,0.01743719062,1.056126636,0.6282578705,0.1735259858,0.0009222390825,0.9293051179,0.2143763973,59.51837158,254.4784851,75.46713257,3.372043914
0.6181533045,4.303600267,0.006901548238,1.182555347,0.5661931297,0.1272125652,0.001275879346,0.9511640891,0.1936828409,44.54510498,295.6107483,78.66079712,3.758044148
0.7188139028,24.71040094,0.0120754182,1.096040611,0.6317003757,0.1764543286,0.0006376209372,0.9234561957,0.2290974487,36.08563232,244.4937439,75.99636841,3.217176676
0.7180865027,1.541697108,0.01250799167,1.099621013,0.6616224336,0.1249011499,0.00116406729,0.936668697,0.1913136481,50.22503662,301.7964172,81.98220825,3.681242841
0.4408723137,17.93683841,0.01445438541,1.069684914,0.5635748145,0.1427186177,0.001685852948,0.9046448884,0.2001117702,44.26715088,270.6245422,64.80941772,4.175697788
0.7147899535,3.493327536,0.0178833845,1.078023679,0.6646327895,0.08781920224,0.001394247088,0.9553358451,0.2021535505,58.95037842,281.973053,77.03659058,3.660248343
0.6560604079,1.07573228,0.01201624307,1.047243751,0.652926069,0.1399861736,0.0001706297525,0.9316950688,0.1980539371,75.45843506,290.3261414,114.7400818,2.530294007
0.6507576542,6.776840429,0.01178584664,1.153368932,0.6330308643,0.1462260232,0.001484265325,0.9086654327,0.1972534622,36.60528564,287.8664856,70.57626343,4.078800316
0.6334622393,1.651447129,0.01049023619,1.113495907,0.6796164906,0.07946736845,0.001764913007,0.9305390551,0.1902112701,48.61773682,301.625946,73.98892212,4.076636575
0.4601068436,13.30284472,0.007570601075,1.083956224,0.6724879695,0.03561610175,0.001361298828,0.9439482149,0.2063265142,59.32501221,267.6534729,74.37216187,3.598839488
0.5217810846,7.106722978,0.01391403669,1.044115995,0.6583996987,0.2651860271,0.00115308433,0.9491200341,0.1907017339,64.37652588,292.4205017,84.3911438,3.465061481
0.5127852017,11.63843623,0.007735620807,1.055944791,0.6109400638,0.2610107459,0.0002068279754,0.9206877907,0.1991626366,58.26153564,280.4388123,107.8052673,2.601346105
0.724019525,4.697164183,0.01515609464,1.091012958,0.6320445062,0.1715311237,0.001740488004,0.9207976538,0.2123138399,34.24871826,269.4312439,64.2984314,4.190323746
0.5375044144,5.743096374,0.01703605809,1.039578307,0.5914311225,0.2295005265,0.0007306368223,0.902994867,0.1993793696,49.78997803,279.4646912,81.03323364,3.448766372
0.7085286196,66.09133376,0.01322404409,1.166186735,0.5920293465,0.1742339967,0.0007047904313,0.9228919699,0.2042859579,39.56610107,263.2212219,82.2194519,3.201447052
0.4449416701,57.11295357,0.007462611551,1.11099982,0.6733830473,0.02143683243,0.0007636924656,0.9451118402,0.2206374311,65.82672119,239.0873718,79.4090271,3.010833662
0.464579081,7.161925297,0.009713369664,1.107922909,0.67167464,0.1747275009,0.001512389553,0.9427219298,0.2242242316,51.54229736,247.7326965,66.70736694,3.713723205
0.5795459064,1.461585639,0.01371324067,1.090210854,0.6132016809,0.2620644299,0.001571483735,0.9388020077,0.2122609502,43.84417725,267.1420593,67.91183472,3.933659876
0.5204379854,22.10643267,0.01373410343,1.176516504,0.6624570111,0.1578571477,0.001019078747,0.94518438,0.2141795185,61.40362549,254.0644836,76.72634888,3.311306837
0.4677873032,1.35130716,0.016894244,1.091286999,0.6404374934,0.2054350617,0.0002148718234,0.9384086787,0.193774127,96.55877686,286.1617737,113.4261169,2.522891389
0.5726936191,36.47578003,0.009068802436,1.137849823,0.6246141799,0.1368426724,0.0008293310077,0.9142770077,0.2235933638,40.71417236,243.9336243,72.21871948,3.377706307
0.5421270748,9.84415664,0.009524978886,1.093587217,0.6287588444,0.06119056056,0.0001618786828,0.9504195451,0.2172462509,87.1083374,257.8879089,107.3855286,2.401514547
0.4868303065,3.553121786,0.01775044,1.108121396,0.6407333041,0.06572690744,0.001380890844,0.906379615,0.202714454,54.0680542,272.7432556,69.79153442,3.90797047
0.4154487402,57.29735649,0.008195793705,1.167751474,0.5712736397,0.2214033621,0.00138913966,0.9593921128,0.2036940615,57.72979736,256.3049622,74.7371521,3.429418368
0.4811344499,1.421686551,0.005501419614,1.094185389,0.6134592692,0.2580614496,0.001290084265,0.9446257464,0.2154225222,45.36688232,263.294281,71.03250122,3.706673375
0.7130974342,1.198240649,0.01722669329,1.102907712,0.6173656438,0.1910120153,0.000576216484,0.9151292069,0.2119071208,44.66595459,270.1374817,82.5296936,3.273215614
0.4393513922,31.2706005,0.01377869503,1.116385415,0.5690042115,0.04870458481,0.0001056306158,0.9050887751,0.2270563839,82.16558838,234.801239,102.7319031,2.285572758
0.6574538427,3.52688702,0.01699536154,1.171798619,0.5785916549,0.03845124691,0.0006131182606,0.9534670505,0.2222758098,63.72393799,254.4784851,81.32522583,3.129145754
0.5028224926,25.58111026,0.009819085847,1.138450465,0.6060910179,0.1573425491,0.0004806536682,0.9424206423,0.2018792209,69.74224854,269.9670105,93.35165405,2.891936016
0.6032997769,23.36347,0.005218318431,1.164410699,0.6079282388,0.227299796,0.0007647075675,0.9230738601,0.1958424383,33.82574463,284.700592,84.75613403,3.359055899
0.619781384,25.97989381,0.01706610017,1.105720963,0.6681219988,0.2037109259,0.001054511467,0.9483299809,0.2250626003,56.04998779,243.5926819,73.03994751,3.335061021
0.6386743454,6.632809542,0.01721919973,1.097751145,0.6220411108,0.1811070151,0.001853569284,0.948463905,0.2186380529,46.26116943,257.3521423,64.59042358,3.984369943
0.5369706203,6.929737991,0.01513761852,1.122323959,0.6140177337,0.1706837356,0.001790799776,0.9354156004,0.2160569415,46.45452881,257.5956726,64.02468872,4.02338032
0.6667880716,22.37339466,0.01427276668,1.159884033,0.6599395733,0.214220791,0.0009455174989,0.9413561448,0.2262004438,49.76580811,245.2243347,73.38668823,3.341537009
0.5870397625,11.398803,0.01565705312,1.130518365,0.65026426,0.02824447946,0.00156934445,0.9514344102,0.2177010667,55.31280518,255.4282532,68.58706665,3.724146047
0.6217598537,1.110931612,0.01227889411,1.094648727,0.5624006947,0.1199758984,0.001727519821,0.9277370846,0.1956265572,38.24884033,292.3230896,68.75131226,4.251891055
0.5259249999,3.680343954,0.007195665722,1.16822892,0.6764833348,0.01430001221,0.0009757956756,0.9255679529,0.2202647199,53.12542725,257.0112,72.98519897,3.521415349
0.4637038325,35.28905347,0.007583932485,1.187996209,0.5615050823,0.01376477082,0.0003679352336,0.9308056152,0.2088137591,68.94464111,257.059906,92.03768921,2.792985224
0.6422590776,36.55414984,0.01506681092,1.13103024,0.596439696,0.1438519792,0.001692383061,0.9266238913,0.1962679575,42.73236084,277.8573914,69.80978394,3.98020701
0.4953005929,16.19666061,0.01497420876,1.191004849,0.618798912,0.2020928864,0.0004450057668,0.9035629148,0.226682605,57.17388916,240.1832581,80.15725708,2.99640066
0.5544461626,1.253150795,0.01626719338,1.134974201,0.6215626966,0.02645677927,0.0008034101799,0.937781021,0.1935407151,70.20147705,290.3748474,87.05557251,3.335511318
0.4836987875,3.30469696,0.01588145652,1.074938853,0.6230724394,0.161125499,0.001221307082,0.9055907936,0.2130923924,48.47271729,260.591095,68.05783081,3.828965629
0.4590221898,4.831334547,0.006381129434,1.121704202,0.6711607618,0.1939517037,0.001075997101,0.9101832049,0.2061703049,47.86846924,271.6960754,74.40866089,3.651403912
0.5023932943,1.402997017,0.014959817,1.100809461,0.5650758837,0.205782637,0.001328046971,0.9139896092,0.2123962806,42.55108643,263.3916931,66.30587769,3.972373224
0.6188233841,14.14079381,0.007290851457,1.148801747,0.565559257,0.02871920636,0.001704537474,0.9216380581,0.2152875033,31.39666748,261.8087463,61.9624939,4.225277743
0.5074999426,8.885761165,0.005068650994,1.116982533,0.6045878862,0.2098192401,0.0007192381645,0.9523952416,0.1974425371,59.25250244,284.5301208,89.31851196,3.185567186
0.5233510957,4.02591341,0.008501448183,1.131783669,0.6018353775,0.1188591357,0.00111510145,0.9022592688,0.1941374911,41.35467529,290.8132019,75.33938599,3.860042103
0.5606377508,52.82262503,0.01144715155,1.109048095,0.6417528352,0.2100051858,0.001640856879,0.9490136321,0.2259458061,46.06781006,237.2852478,65.02841187,3.648947299
0.6044323294,2.111181995,0.01118320902,1.177002802,0.6610227457,0.2677641445,0.001180773639,0.9323157114,0.2022280386,47.28839111,281.7538757,76.85409546,3.666087982
0.4926409344,37.37740034,0.006638533897,1.065265302,0.6381791101,0.2173922168,0.001658953709,0.9545463387,0.2098377294,49.99542236,258.3993225,70.5397644,3.663172463
0.636152092,12.0720478,0.008320579478,1.071482284,0.5697168026,0.04475631025,0.001313080143,0.9092748164,0.2146500239,29.20928955,264.0492249,65.22915649,4.048024519
0.4629631161,2.648486426,0.01007859743,1.196395437,0.585181918,0.150482621,0.0006118435446,0.9032424582,0.218278699,49.51202393,255.8909607,76.81759644,3.331150317
0.695084666,2.779662111,0.01648152962,1.104738182,0.5819318716,0.1246164887,0.001233547412,0.932970274,0.2278275839,40.01324463,250.4115295,65.53939819,3.820778592
0.600995239,1.300484165,0.01340627957,1.089608265,0.6503690351,0.07086760561,0.0009940892505,0.9491793305,0.2046071696,62.43084717,278.1496277,80.92373657,3.43718221
0.4141761265,32.63556132,0.006812671549,1.114561433,0.6749554977,0.1153948677,0.001030395886,0.9053733844,0.2046514101,54.23724365,261.7600403,75.15689087,3.482848176
0.6910219281,45.68068688,0.0132888148,1.066675945,0.6397111359,0.09491118579,0.0009394380795,0.9324082469,0.196668379,51.77191162,278.6610413,82.56619263,3.375001709
0.5835025646,1.473591663,0.01672737537,1.178427082,0.6308994998,0.1923368895,0.0003058579723,0.917418104,0.2091963263,69.54888916,269.0415955,95.61459351,2.813813097
0.6070118248,12.36950019,0.005319193724,1.129869738,0.6772213541,0.1913568883,0.0004858494758,0.9323521965,0.2075241548,49.13739014,272.8406677,91.14346313,2.993529742
0.5598036804,32.42927292,0.009751390949,1.126043337,0.5638711046,0.1315792781,0.001392258414,0.9199423942,0.2077197207,36.93157959,262.9533386,67.60159302,3.889750624
0.7208289191,8.196257009,0.01447877832,1.04159524,0.66862056,0.1718381308,0.0001162349282,0.9242430578,0.2062694995,69.02923584,276.4936218,116.7475281,2.368303864
0.5111834009,5.489108039,0.01779895762,1.078418724,0.6056454264,0.08654346452,0.000890283035,0.9267053054,0.2294105052,55.14361572,241.3765564,70.13827515,3.441438443
0.5151683714,7.471991978,0.01155889679,1.151391362,0.6520884319,0.07825663039,0.0002732571597,0.9345365868,0.2025936065,83.82122803,275.0811462,103.6261292,2.654553909
0.4484826581,36.27085658,0.008886945743,1.079009662,0.5872937212,0.1879591588,0.0007773916942,0.9558255392,0.2240361026,60.07427979,239.5257263,77.43807983,3.093125848
0.4443787998,3.14889686,0.01247123202,1.038757454,0.5897611861,0.0112239176,0.0001215942703,0.9344055611,0.2299684366,87.89385986,241.6200867,103.0786438,2.344036337
0.5336448862,1.331396686,0.01653146298,1.186519813,0.5952250183,0.1057102467,0.001001697322,0.9444454221,0.2155732648,59.65130615,259.4221497,74.66415405,3.474520711
0.5648434106,6.997027152,0.006859841783,1.140706209,0.5881595474,0.1379004145,0.001934661795,0.951578568,0.2236970418,38.8772583,253.1634216,61.9624939,4.085752618
0.6791102897,9.349339366,0.005670263054,1.058676549,0.669583764,0.2689051479,0.0001252016517,0.9424927897,0.2196670293,43.19158936,261.3947449,110.7981873,2.359196945
0.6523111275,1.535338473,0.008955580125,1.172440163,0.5813407075,0.2216917617,0.001672224669,0.9558554742,0.2286347506,35.36053467,252.0188293,63.40420532,3.974796751
0.6926141657,26.10735649,0.009126834908,1.078648903,0.5829226524,0.08218409086,0.0005801956346,0.9202113224,0.2028613134,35.80767822,276.3475037,85.65036011,3.2264605
0.5353977648,5.364789567,0.01683994348,1.189577518,0.5664736413,0.2322666295,0.0001937190002,0.9051329617,0.2170120414,64.21942139,255.6474304,96.91030884,2.637979731
0.6343643943,2.129503082,0.007425782712,1.118186193,0.6426698852,0.1437119212,0.001834877371,0.9396724472,0.214816255,37.31829834,268.2379456,65.22915649,4.112239986
0.5885524026,30.40822893,0.01056839645,1.062284024,0.6639760639,0.2404511483,0.0004466566445,0.9041964469,0.195904646,46.6116333,280.9745789,94.06338501,2.987077053
0.6344774836,3.923447247,0.008034009792,1.178741731,0.6557719292,0.2357166132,0.0002481230706,0.906658793,0.2131555452,36.08563232,268.8224182,96.92855835,2.773407784
0.6522010768,12.96912742,0.0166982951,1.140010412,0.6465125181,0.1030031892,0.0006944637043,0.9376138181,0.2101082754,62.81756592,265.6808777,83.49691772,3.181924374
0.5220984749,34.17336858,0.009124054198,1.150378596,0.6746816193,0.2617105579,0.001682873599,0.9521919778,0.2230292816,48.4364624,243.1056213,66.70736694,3.644359424
0.6094713503,1.23460361,0.01223833703,1.157584545,0.6492855129,0.107833823,0.0005012203358,0.9326390358,0.2044964975,65.34332275,278.8558655,91.14346313,3.059526771
0.4460391783,1.621856726,0.008371578677,1.137952609,0.6541786393,0.1484329512,0.0008206181282,0.9168308189,0.201062703,59.15582275,278.7584534,81.63546753,3.414673325
0.6280534462,3.195553474,0.01631489712,1.078859404,0.6729735007,0.2048446292,0.0008610124942,0.938621806,0.2087191268,59.25250244,271.306427,81.1244812,3.34432249
0.6576197273,10.71121686,0.01599693236,1.048511483,0.5865344734,0.04141253365,0.001655982216,0.9556375132,0.2100458524,50.62384033,267.9944153,69.11630249,3.877441438
0.4189562507,21.02889582,0.01299740752,1.103343067,0.5649468021,0.08679910546,0.0002719390312,0.914538575,0.1922636325,81.88763428,279.7812805,103.8086243,2.69516413
0.536350994,1.105199989,0.01344394224,1.112178048,0.6411758212,0.07227624824,0.0003301436625,0.9302486732,0.2004289149,79.44647217,281.4372864,100.2499695,2.807355332
0.6947040018,31.0439288,0.01581464034,1.04750537,0.6737238608,0.1288638669,0.001753407088,0.9330309466,0.224722776,41.63262939,246.2715149,62.96621704,3.91116898
0.4268740043,21.72075113,0.01545333014,1.08430263,0.5615640879,0.2642677895,0.0006475981594,0.9399887746,0.2263365625,60.55767822,237.0660706,76.90884399,3.082429253
0.6773579924,4.75882784,0.007415854946,1.060270026,0.6361633716,0.2488780144,0.001665332145,0.9339702179,0.2173036201,28.6050415,265.4129944,65.32040405,4.063247897
0.6128649398,66.3282197,0.01587402481,1.155049836,0.5683031843,0.09907745898,0.001173697672,0.9224349845,0.208841136,45.54815674,253.480011,70.61276245,3.589719509
0.5411041963,26.70571211,0.01076037143,1.092915792,0.6264930875,0.1995701744,0.0004526158916,0.9394658978,0.1969663063,69.12591553,278.1496277,97.01980591,2.866936551
0.6227673639,17.85332609,0.01411110077,1.066083827,0.5906669299,0.07930254034,0.0001786352354,0.9579421822,0.2088742336,87.86968994,266.6793518,109.9769592,2.42486566
0.5162516377,4.15369752,0.007163945807,1.155584068,0.6155430655,0.254771086,0.00157521639,0.9245632699,0.1999601663,39.08270264,282.5088196,70.17477417,4.025788796
0.5285574586,4.45004922,0.01172818376,1.058063482,0.5619911536,0.05056429769,0.0001523669553,0.9238613934,0.2171984874,74.09283447,258.9107361,103.0421448,2.512668352
0.659454776,44.84764097,0.009935572727,1.147387739,0.5807464684,0.1018147148,0.0009485157367,0.9236902137,0.1920498795,40.24285889,284.6031799,81.41647339,3.495646128
0.474387485,2.028980483,0.005761492947,1.120565829,0.6039511441,0.1935744435,0.0003164357494,0.9349961252,0.2291072707,59.30084229,246.7829285,88.16879272,2.798982733
0.4845753864,3.079399266,0.0160147409,1.154198094,0.6388278455,0.2266632755,0.001302275243,0.9028102738,0.2207164322,45.69317627,251.1177673,64.79116821,3.875802432
0.5555992723,10.63571408,0.006227636007,1.186841426,0.5894245455,0.1965854185,0.001183104002,0.9426917913,0.1927515555,45.75360107,291.6899109,79.97476196,3.647274512
0.4978974872,10.80160932,0.01730908793,1.15774102,0.5846457783,0.1529218921,0.001585288638,0.955475591,0.2108167743,56.69049072,259.5195618,69.66378784,3.725315114
0.4885862557,2.789401776,0.0155736328,1.167534735,0.6312600644,0.05112742047,0.001051497859,0.9412022862,0.2027974492,65.74212646,273.7660828,78.95278931,3.467465623
0.5229068505,2.19588448,0.01068409248,1.195130249,0.6604813875,0.2561228283,0.001637606786,0.9346131293,0.2002328639,49.66912842,281.5346985,71.92672729,3.914187522
0.5591299345,12.32327642,0.01482833894,1.170436584,0.5901798358,0.1308774282,0.0009682671659,0.9193055898,0.2098736662,50.18878174,263.5865173,73.89767456,3.566912205
0.4112395163,43.05055433,0.01778958297,1.10152674,0.6760624654,0.1586966394,0.001413283062,0.9359382793,0.1952071159,65.97174072,267.1420593,77.01834106,3.4685512
0.6118946265,6.801021811,0.008690640207,1.039685981,0.6505137129,0.09353619744,0.0003203700526,0.9172950257,0.2217435009,51.17974854,256.8650818,89.79299927,2.86063595
0.6028080929,4.33181929,0.01002954197,1.143455335,0.5680020516,0.1090859466,0.0008653474195,0.9449360217,0.1945198377,53.76593018,292.3961487,84.75613403,3.449852356
0.5495580007,8.606196479,0.01246245444,1.052397034,0.6474943704,0.2600413869,0.0007891756019,0.9118970109,0.2083188307,46.78082275,268.7493591,78.80679321,3.410230872
0.6488699357,7.118335762,0.01223335985,1.197208208,0.6525419738,0.1985281168,0.0005316694025,0.9150394322,0.2231075548,44.96807861,253.7966003,80.59524536,3.149026958
0.6291603313,1.48190836,0.01405923723,1.14175447,0.5653070781,0.07557011316,0.001596992025,0.9387649758,0.2040115812,45.10101318,279.1968079,68.8243103,4.056659727
0.5261447154,52.01759589,0.01732148566,1.185250872,0.6243282968,0.04988396749,0.00111301893,0.908975634,0.2074504881,54.88983154,253.4313049,71.85372925,3.527044561
0.5919567158,2.148494383,0.005569673941,1.16855733,0.5767970972,0.1125106329,0.0008915692247,0.9169095693,0.2288757095,29.70477295,251.0934143,68.45932007,3.667775462
0.6892826566,3.270484698,0.007045367368,1.168796612,0.6450585125,0.1753273015,0.0002054721763,0.9137967624,0.2249711172,31.65045166,257.1329651,95.54159546,2.691319565
0.5299262063,13.78414077,0.01509169811,1.039974709,0.6502264298,0.01033465041,0.00188705975,0.9034857364,0.2199796661,42.32147217,251.1177673,59.006073,4.255795286
0.5400943057,34.02656696,0.008270792179,1.046891295,0.6171880199,0.1292488253,0.0001565608967,0.9476969389,0.1983052714,88.6552124,275.8847961,117.5870056,2.3462184
0.6805486717,1.969836421,0.01529734709,1.059688385,0.6077866743,0.2067225616,0.0001799197576,0.9100162321,0.197186949,49.2098999,290.2043762,109.9952087,2.63833652
0.6308591681,5.57908636,0.01576309185,1.195689776,0.6634222338,0.1614590678,0.0004389252272,0.9259033361,0.2114080843,65.95965576,266.2166443,90.06674194,2.955770782
0.4608174822,6.964899038,0.00610669475,1.111392381,0.6431835494,0.09242380727,0.0007670335514,0.9012276969,0.2111398729,48.79901123,264.5362854,76.70809937,3.448609568
0.4623327761,3.87413002,0.01269336199,1.093396073,0.6210016734,0.08359406259,0.0009076061966,0.9123909727,0.1946764702,60.315979,285.4555359,80.8142395,3.532243051
0.7308171491,1.922441848,0.009883884312,1.160779427,0.6445908112,0.2448978521,0.001726676767,0.9289666244,0.1972843915,31.31207275,293.8816833,70.81350708,4.15007949
0.64523415,7.224135114,0.01235904723,1.066219322,0.5714653317,0.1357806588,0.001936250333,0.9188579607,0.1986072864,32.4118042,285.9182434,64.79116821,4.412920021
0.4884357333,5.564948091,0.01069446054,1.123300658,0.669122548,0.1364444365,0.0003272030657,0.9275213771,0.2013898051,78.878479,277.0780945,100.3959656,2.759852877
0.4802748176,3.319984013,0.009896863639,1.180545149,0.6363917726,0.2229742211,0.0005413228668,0.911593448,0.191593646,61.66949463,292.1282654,92.60342407,3.154616239
0.431725207,25.8850606,0.01675101512,1.136441709,0.6103961791,0.07057818843,0.001233719056,0.9261869293,0.2296982899,53.512146,231.6109924,64.86416626,3.570707924
0.4320135703,6.720794805,0.006431808499,1.147941262,0.5769865206,0.11965635,0.001520035476,0.9173620145,0.1962970625,45.14935303,282.874115,69.95578003,4.043613192
0.4458284187,47.45002186,0.01785458481,1.12119183,0.6196952921,0.06483076875,0.001347831173,0.9256567909,0.2138738801,56.42462158,244.2258606,68.33157349,3.574129032
0.696355317,2.517576492,0.01157767898,1.148045299,0.6622569448,0.1307945596,0.0007481301697,0.9293762136,0.2163872269,47.22796631,265.9000549,79.15353394,3.3592948
0.5698541878,50.30438308,0.01763994568,1.159291537,0.609437834,0.040232256,0.001453211615,0.9461047855,0.227130219,52.50909424,233.6079407,65.33865356,3.575340597
0.5243709249,3.888878703,0.01020016537,1.04681419,0.5953141497,0.06146952203,0.0009872870979,0.9468069363,0.2239145595,53.81427002,251.9457703,72.38296509,3.480732932
0.5369285926,1.916996381,0.01682058869,1.09184122,0.6284666829,0.09140913315,0.001448735894,0.9072668599,0.220367243,45.04058838,254.1131897,63.23995972,4.018237691
0.5719440335,2.762401943,0.01297026105,1.167083807,0.6099877788,0.2635855478,0.0002165400816,0.9248232074,0.1948529388,70.35858154,289.8877869,109.8492126,2.638960989
0.7183581949,35.59742229,0.01491242705,1.146756919,0.5678058522,0.2005867182,0.0005337866855,0.93939321,0.227247956,43.17950439,242.1802063,79.82876587,3.03374609
0.6714270899,19.18300901,0.008850004037,1.06877657,0.6073821012,0.06875856361,0.000621987325,0.9572413956,0.2156586419,56.54547119,261.4434509,84.95687866,3.077366483
0.5954211805,1.820613383,0.01383724874,1.040024626,0.6233243536,0.1975665974,0.0005234764533,0.9353511753,0.2254620535,55.53033447,252.0675354,81.7449646,3.083584862
0.5210399062,14.51988438,0.005768564625,1.11720214,0.6260767753,0.2247565326,0.001891504329,0.9439204457,0.2116435509,40.62957764,263.5134583,65.90438843,3.998420508
0.6985561783,30.83950372,0.01582312775,1.197576607,0.6484358431,0.1926069381,0.001601827242,0.9150654597,0.2272708417,35.27593994,241.6444397,61.14126587,3.952231545
0.6378725131,8.473731142,0.01353445523,1.103779566,0.646776891,0.1934673938,0.0007939218802,0.9567649096,0.2000124715,65.13787842,282.2652893,88.18704224,3.200756961
0.4231856701,17.1154426,0.007255422488,1.192459703,0.6308477681,0.129649892,0.001806849342,0.9432877529,0.2054219261,52.78704834,264.9015808,68.6600647,3.858160955
0.4756883334,5.412239221,0.009219945551,1.069542912,0.6256820123,0.2384553872,0.0004271199388,0.9452694785,0.1977279801,74.37078857,282.7279968,98.62576294,2.866674877
0.5615946296,6.373662051,0.01274555675,1.079838326,0.6423624855,0.1532567526,0.00137321745,0.9589764828,0.2072495435,58.37030029,271.1603088,75.50363159,3.591354523
0.5271798267,69.5734814,0.01620850422,1.136343495,0.6154138715,0.1329323009,0.001414301988,0.91590411,0.1961437735,51.90484619,266.2166443,72.29171753,3.682533123
0.5408196827,27.19038178,0.00960769362,1.06049487,0.6562055402,0.2117554909,0.001377233181,0.9502346516,0.1971330667,55.91705322,278.6366882,78.36880493,3.555454093
0.6486442614,9.75087793,0.009404101953,1.042507564,0.5686083943,0.1796756958,0.0008183639408,0.9433555839,0.2266605818,36.81072998,251.0203552,73.53268433,3.413724897
0.5485041693,13.34712266,0.01776906483,1.107026972,0.6087603568,0.08978645082,0.001468035602,0.9068108783,0.2050495756,47.20379639,268.2866516,67.16360474,3.994524306
0.6155380409,13.86762807,0.0118602371,1.174249251,0.6103466764,0.2071399041,0.0009342799477,0.9096831829,0.2184657366,35.79559326,255.8909607,71.06900024,3.600598852
0.5020240358,49.38641381,0.01461535575,1.048409156,0.6515681652,0.06231368073,0.001782723546,0.9243824403,0.2260086717,46.44244385,235.4831238,60.75802612,3.875753358
0.473593913,25.76485452,0.009034872999,1.174596882,0.6385880887,0.09783938216,0.00123558604,0.9060244878,0.2233486788,44.0737915,242.7159729,65.10140991,3.728275213
0.4304789903,8.058212394,0.01249258886,1.181865705,0.5994601268,0.18008727,0.001260095129,0.9424797473,0.2164563592,55.91705322,252.9685974,70.3755188,3.594553926
0.417525211,1.060808778,0.01243994969,1.166661881,0.6293134787,0.1064010374,0.0007682960299,0.9300807597,0.1965820756,70.53985596,281.6808167,85.7963562,3.283132631
0.4536952448,1.661042226,0.006195441121,1.149842266,0.6707493602,0.1354458186,0.0004733729595,0.9573240834,0.2276307305,71.43414307,247.4648132,86.59933472,2.857583306
0.6186970558,1.103340678,0.008218928295,1.043088773,0.6419728218,0.05224603476,0.0008472271932,0.94628332,0.2213026445,52.59368896,260.3475647,76.89059448,3.385948131
0.7163797607,4.287425696,0.01532004384,1.144827538,0.5711950476,0.0701864015,0.001143200799,0.9220112099,0.2291522622,35.92852783,249.1451721,64.7729187,3.846440412
0.4984420484,2.460821293,0.005969220162,1.182523069,0.6226272392,0.0732564836,0.001824553212,0.9487207222,0.1933732609,52.89581299,292.8832092,73.25894165,3.99791756
0.6579745767,5.282534998,0.01183674924,1.185015158,0.6477318627,0.1649826939,0.0004677513194,0.9348439612,0.2149627096,57.28265381,264.8041687,88.22354126,3.001513711
0.6467872707,5.411329217,0.007220783782,1.148463797,0.6593170487,0.06290793686,0.001490495833,0.9360867594,0.2148832488,41.71722412,266.82547,68.56881714,3.891352966
0.6913640661,1.165311626,0.005932858457,1.087832737,0.616030514,0.1628624979,0.001827419062,0.9542163177,0.2297294066,31.74713135,253.7235413,62.29098511,4.073198406
0.6109886013,5.44054298,0.008631827898,1.068960883,0.6001369189,0.2280493187,0.0005701426872,0.9095541258,0.1940429462,34.05535889,293.9790955,89.11776733,3.298770876
0.4749993339,3.353599055,0.0126580643,1.074623122,0.5761737234,0.1713847756,0.0008238861412,0.9136733443,0.1926078501,54.97442627,289.5468445,82.45669556,3.511501917
0.423722714,18.2423795,0.006801644823,1.143202315,0.5850596345,0.09434314158,0.001229855093,0.9517043032,0.2059103951,58.46697998,264.5362854,75.22988892,3.516372139
0.4539809878,1.575971431,0.0155552703,1.072726201,0.5640679402,0.1175226059,0.001864023917,0.9282312064,0.2170414539,45.52398682,255.5500183,60.81277466,4.20224237
0.4805091182,26.94276887,0.0129371425,1.151982197,0.5981871794,0.2161177461,0.0003105662791,0.9577567238,0.2113112691,82.08099365,255.1603699,99.04550171,2.576193421
0.5006998239,14.45662571,0.005080244648,1.121523262,0.6706291153,0.1812076253,0.001905642606,0.9222518942,0.2100136838,39.25189209,264.9746399,64.57217407,4.103542179
0.5012036601,41.13971983,0.006087889387,1.126510068,0.6271831975,0.1531779069,0.0007446973165,0.9121365586,0.2260553574,41.88641357,238.8925476,73.021698,3.271528246
0.6515305464,14.81369126,0.01735497833,1.197612764,0.5785108945,0.235979509,0.001856884073,0.9183487699,0.1909500824,38.88934326,290.5209656,68.42282104,4.245965909
0.6465211634,23.56132215,0.01720953631,1.047755401,0.6674439521,0.02002536505,0.001607939176,0.9461763438,0.2113282637,54.61187744,261.6626282,69.88278198,3.74430755
0.5800942184,11.34545251,0.009176087322,1.058124398,0.5825296954,0.18808353,0.0003725887534,0.9000746718,0.2298994318,30.65948486,244.8346863,80.59524536,3.037830398
0.4358518286,1.885661762,0.01488912799,1.065691029,0.6626980563,0.1380530612,0.001711611353,0.9238286253,0.2194144769,50.55133057,252.1893005,63.5319519,3.969487683
0.6766741485,37.53404771,0.01773219323,1.043605483,0.6665545554,0.07209618182,0.0012461802,0.9335195188,0.209284091,53.43963623,261.6869812,73.38668823,3.56586443
0.4403131116,2.336904,0.009160875057,1.085103827,0.5806793309,0.2347138115,0.001462835378,0.9065193645,0.1984524783,40.67791748,281.5346985,68.75131226,4.094971998
0.6148796487,24.45102521,0.01480505051,1.164145062,0.5607156415,0.01314218912,0.0008134822615,0.9291439598,0.1942866849,57.98358154,282.7036438,83.42391968,3.388760021
0.6934788848,31.99573523,0.01790338934,1.057819727,0.5612377511,0.2556348583,0.0004207742876,0.919337358,0.2024636206,41.86224365,272.0126648,91.12521362,2.985042822
0.54672842,20.60410368,0.009564221549,1.199835059,0.6701699339,0.2489666391,0.0001135102205,0.9387092942,0.2023747523,91.73687744,272.0857239,121.5836487,2.23784799
0.4780391699,36.93428202,0.01066939336,1.174410165,0.6753279503,0.1721117384,0.001988670839,0.9438693083,0.2238938795,48.50897217,238.9412537,62.58297729,3.817991153
0.5377470466,13.04926848,0.01521948293,1.130785177,0.6342492662,0.01176251732,0.000433428331,0.9544087945,0.2055673245,82.4677124,268.2622986,95.94308472,2.796056635
0.5952877077,32.12766619,0.01484654426,1.049472565,0.6459062741,0.2445643372,0.0006582124427,0.9410016452,0.2144565477,59.25250244,255.0386047,83.31442261,3.061157921
0.6316060501,1.863022138,0.008583504825,1.190651954,0.6142127946,0.2626062177,0.000536877884,0.922825538,0.2209742447,34.50250244,260.0309753,81.23397827,3.201012444
0.6545945231,7.575753753,0.01622211571,1.125387205,0.5700608958,0.1627983908,0.00137962686,0.9241018926,0.2101254338,39.13104248,268.1405334,67.69284058,3.961135789
0.5960600924,60.95144512,0.01145496066,1.105972886,0.5869550939,0.1102515315,0.0006619364901,0.9584410603,0.1919456236,69.3192749,279.1237488,93.86264038,2.973747038
0.6392582068,8.01854357,0.01287617164,1.083359312,0.6181397518,0.04746563286,0.0002873430186,0.9347880658,0.220433207,67.04730225,256.7920227,93.51589966,2.745971793
0.6326203033,5.025120541,0.005232643728,1.052266305,0.624118837,0.1089060923,0.001720648237,0.9334566052,0.2071022295,33.82574463,277.9060974,67.43734741,4.120952381
0.5678639086,10.30925767,0.0116415694,1.071996145,0.611944274,0.2332212916,0.0004830771431,0.9554985038,0.2226666264,63.25262451,251.6535339,86.54458618,2.907790597
0.6011495302,68.10822836,0.005945042135,1.106789287,0.6318500413,0.06090298256,0.001016759967,0.9052354174,0.214008372,33.86199951,251.3125916,70.97775269,3.540723425
0.6613317223,10.96232056,0.01479379464,1.125329377,0.5723202834,0.1211153768,0.00100436276,0.9454016541,0.2276033639,46.36993408,247.1482239,70.21127319,3.520064694
0.5280227671,8.443463761,0.01065847169,1.049908638,0.592473726,0.06508972132,0.0006658123551,0.9330574117,0.2197605505,55.98956299,254.7707214,78.55130005,3.243367344
0.6366292311,2.389927018,0.005490737811,1.102700097,0.5719327454,0.07744793749,0.0001649875516,0.9591239706,0.1932119575,74.72125244,299.1906433,120.0689392,2.491823825
0.5907935424,1.343266927,0.01450654567,1.18110406,0.572840606,0.2304399482,0.00119466205,0.9418589388,0.1925482419,52.27947998,293.9547424,79.26303101,3.708598305
0.6730891597,35.13101667,0.005890692765,1.127276485,0.6789030283,0.09462803811,0.0006279445869,0.9104287161,0.2126246277,35.38470459,261.4434509,81.63546753,3.202571858
0.6137370125,3.019107747,0.01064258247,1.134609483,0.6183645529,0.1841452262,0.001376207292,0.9036055093,0.1930871908,34.52667236,295.4402771,72.51071167,4.074436318
0.468002016,26.21127959,0.01441526379,1.089135684,0.5746637641,0.1895749483,0.001027616293,0.9104499744,0.21832748,46.56329346,246.7829285,68.62356567,3.596183411
0.5388264646,1.160043497,0.01752198287,1.153075326,0.6769557897,0.1539279535,0.001042099981,0.9466675357,0.196244158,69.63348389,284.9441223,83.91665649,3.395560956
0.6225292644,8.335398999,0.01349338296,1.198856571,0.6453066571,0.1183996341,0.001241218924,0.91386561,0.2033532129,46.09197998,276.3718567,72.58370972,3.807629257
0.5723522387,23.48149987,0.008697924387,1.068500806,0.5938815091,0.02738866337,0.001686603219,0.9591899367,0.2198026299,48.20684814,252.2136536,66.43362427,3.796475901
0.5063463922,2.662607254,0.00969140608,1.182089374,0.6660126234,0.1215228439,0.001091124289,0.9357384185,0.1912233199,62.82965088,294.3930969,83.25967407,3.535842534
0.4923041637,1.999112578,0.00714977679,1.088323978,0.6270505784,0.05595439385,0.001867387363,0.9399153496,0.2021392408,49.29449463,279.9517517,68.5140686,4.086047689
0.4827394942,16.72191917,0.005287006617,1.036129071,0.6587098389,0.09032397762,0.001003487859,0.9131574205,0.2018446387,49.41534424,274.7158508,77.21908569,3.557615949
0.5610733966,1.448657754,0.01303714894,1.062811154,0.6560898062,0.2023521,0.0002888675664,0.9264628532,0.191738697,76.87237549,295.5133362,107.4585266,2.750022223
0.6743304658,41.49195039,0.01273770207,1.091166577,0.5886595622,0.1815984315,0.001737763334,0.9438198076,0.1930518279,41.63262939,284.0917664,72.69320679,3.908092364
0.5934931214,9.130747812,0.0136078889,1.086774781,0.5983554621,0.2262312683,0.001140382462,0.9362660969,0.192964589,50.37005615,290.8132019,79.93826294,3.637972495
0.5102192972,1.781428546,0.01729788823,1.08990038,0.6354983876,0.1074737251,0.001633549079,0.9057914439,0.2221660737,44.33966064,250.8985901,60.79452515,4.126993171
0.5098929034,54.7809487,0.007847863325,1.059273568,0.569278712,0.04259612692,0.00106434398,0.9586610942,0.221091187,54.70855713,242.2776184,72.98519897,3.319544535
0.672678893,2.159454292,0.006701032112,1.153814181,0.5663457477,0.1429784169,0.0008227555647,0.9408427488,0.1987672294,36.20648193,291.3976746,83.27792358,3.499098705
0.6040058504,8.381620302,0.007125206657,1.082419902,0.5956325904,0.1224843569,0.000431251436,0.9401697093,0.2147809477,50.9743042,264.6580505,89.02651978,2.972800141
0.5986619832,16.60139054,0.01288626749,1.12770732,0.6278384084,0.157076262,0.0006335860332,0.9243553648,0.1998453123,56.82342529,278.1252747,87.21981812,3.188785309
0.5226501321,61.92569791,0.01330911731,1.097973545,0.610509263,0.06434754275,0.0009846931373,0.9469248221,0.2138458731,60.30389404,247.1238708,76.25186157,3.240889675
0.6600558934,16.76484257,0.01528092731,1.15356786,0.6199214622,0.06021135177,0.001451482599,0.9226875263,0.2147589119,43.68707275,259.3977966,66.43362427,3.904616066
0.4561395387,18.61631799,0.01624426939,1.199668969,0.658793173,0.240825421,0.0002760329333,0.9518423224,0.224763754,83.99041748,239.209137,95.83358765,2.496088718
0.5246598343,9.668839773,0.009059268801,1.063700639,0.6261414357,0.04119417451,0.000381898353,0.9292096196,0.2162451185,66.21343994,258.8863831,89.82949829,2.881975164
0.4369423835,3.479640225,0.0164626625,1.132741233,0.5605092998,0.05677342434,0.001999888601,0.9443924045,0.1996026257,54.69647217,275.1542053,66.88986206,4.113541228
0.4528747258,1.215852189,0.01643698356,1.07714494,0.5673375953,0.02504502824,0.0005450508545,0.9352547568,0.2243737285,66.53973389,246.8803406,79.81051636,3.093330952
0.4165570671,3.065789775,0.01192691717,1.083607808,0.5832504593,0.1699496317,0.0009591216857,0.942004202,0.1983800231,64.31610107,278.6853943,81.28872681,3.428340008
0.566210203,29.24904919,0.01412044236,1.144493818,0.6739361763,0.1711071681,0.0005778883132,0.9303637953,0.2253665589,61.01690674,241.4252625,80.70474243,2.991463143
0.7284461976,62.73814296,0.005168404772,1.142158253,0.671904271,0.1911253486,0.0005258957725,0.9086719434,0.2049144539,25.76507568,267.2151184,87.63955688,3.04902407
0.50153948,1.056567394,0.008384886641,1.13884167,0.6335126969,0.1602631246,0.0007604532569,0.9166690216,0.1963579674,54.39434814,288.3778992,84.44589233,3.414942885
0.5579023166,6.560399014,0.01275852259,1.071348907,0.6116339554,0.1159972671,0.001154088656,0.9371815854,0.2108821358,52.01361084,266.3384094,73.31369019,3.632860503
0.5120298754,4.679644433,0.009290162111,1.111616376,0.6767654811,0.2126855886,0.001066824561,0.9578443203,0.2111317166,61.71783447,266.3871155,79.26303101,3.360799002
0.4750925242,2.099689963,0.005212757386,1.09260975,0.63449575,0.2309559443,0.0007859046969,0.9557579689,0.2286075071,55.90496826,247.6109314,76.92709351,3.218774038
0.5769747415,8.632846628,0.01738470704,1.194047948,0.5763015039,0.1052663321,0.0001844276987,0.9204225888,0.2139810617,77.01739502,259.1055603,101.2354431,2.559435237
0.6290635762,59.7354054,0.008618478193,1.175551333,0.6340070761,0.1849635319,0.0008377790718,0.9597182448,0.2243905707,53.06500244,240.0127869,77.82131958,3.084152108
0.5715097921,18.26485858,0.01713589104,1.114030876,0.6705955359,0.1738588339,0.0007713262247,0.9043577672,0.2223130978,51.78399658,246.9533997,73.84292603,3.3443068
0.6529670744,18.11410208,0.007994992983,1.147698977,0.6637020748,0.2092772153,0.0002233899771,0.9463397709,0.2067579827,66.60015869,272.0613708,107.3490295,2.534362649
0.4566658639,11.49783063,0.01432179894,1.080240989,0.678496142,0.01148737538,0.0004661233107,0.9568287905,0.2242861034,78.64886475,244.0553894,88.09579468,2.770340971
0.686936927,2.346477949,0.00908660493,1.074198976,0.5678931423,0.1186297731,0.0002538970603,0.9540664996,0.200505785,60.02593994,288.3778992,106.58255,2.705676483
0.7253438908,9.933584386,0.005052769638,1.047683626,0.6247314981,0.1457696922,0.0008883553555,0.9480458565,0.2065885273,35.31219482,279.4159851,81.41647339,3.431934269
0.5310606005,11.91502929,0.009796896891,1.117480256,0.6048879112,0.04670745472,0.001474927779,0.9320792708,0.2034190432,49.23406982,273.8391418,70.64926147,3.876036863
0.5091802526,10.56770283,0.01795227332,1.106004795,0.5862791822,0.08897286337,0.001135145261,0.9002294802,0.1974185352,51.85650635,277.9791565,73.021698,3.806802144
0.6351570052,60.75245754,0.009093506686,1.08924408,0.5613293755,0.06769216937,0.0006533696674,0.9070056601,0.1959988503,34.88922119,276.0552673,83.97140503,3.287491346
0.7042961916,6.133465107,0.0147677824,1.186624044,0.6243747098,0.01941683853,0.001880071749,0.905732563,0.1950737852,38.74432373,291.3246155,66.23287964,4.398489346
0.565156256,7.396046067,0.01278517927,1.160436237,0.6409017625,0.1466848159,0.001762699757,0.9542658185,0.1964420072,56.3883667,285.0902405,74.18966675,3.842721675
0.4710315996,51.20369402,0.006527462769,1.042794355,0.5701000016,0.07492314876,0.0009307905147,0.9108880463,0.2030876705,44.52093506,263.4647522,75.37588501,3.49534539
0.6984379508,52.44628207,0.006053833867,1.120944607,0.6223778941,0.01458665335,0.001882719899,0.9275954144,0.2177965964,30.52655029,252.3841248,61.76174927,4.086414775
0.4389330383,5.672787439,0.009664889176,1.06560988,0.6600709736,0.2139574207,0.001194853823,0.9538454701,0.1992449153,64.93243408,278.5392761,80.83248901,3.445882708
0.5879110748,16.15947118,0.01167805163,1.085192942,0.6523439186,0.1349614112,0.001217310442,0.9267431953,0.1914380613,52.36407471,291.1297913,79.42727661,3.665362879
0.6104989686,45.17518861,0.01744609517,1.167830247,0.6786855076,0.1610632816,0.0003076395937,0.907156338,0.2152663489,67.91741943,248.8285828,92.74942017,2.682804726
0.4543909715,17.31501655,0.01023771337,1.070984977,0.6461064777,0.02565452429,0.0005026699598,0.9102178868,0.224920009,61.65740967,243.1543274,79.99301147,3.03969463
0.5239217574,11.46019343,0.01485723186,1.183734903,0.636272593,0.08508467097,0.001307246,0.9244841711,0.2092372066,53.94720459,263.2212219,70.6857605,3.723822451
0.4378965525,2.357979479,0.01205770044,1.11090138,0.5827291498,0.09680497612,0.00102514197,0.909149478,0.2195977116,49.05279541,252.8955383,68.25857544,3.704963614
0.5949894192,21.60432567,0.01152108509,1.056571116,0.638282377,0.09173666696,0.0002414261093,0.9508921046,0.1927081135,88.94525146,288.0856628,113.5173645,2.53781141
0.6764822039,1.067333867,0.01124048534,1.154793095,0.5858241782,0.2051596453,0.001930174981,0.9164212283,0.2227780401,25.36627197,258.5941467,57.96585083,4.4611464
0.4824240163,9.172738135,0.008826423921,1.054863745,0.6559515645,0.2012483213,0.001318951878,0.9214941286,0.1982092005,49.86248779,280.9745789,74.71890259,3.760421649
0.6705848017,7.705082122,0.01347021717,1.140272767,0.5627167634,0.1145791549,0.001914201013,0.9476271174,0.1991031593,42.30938721,284.700592,68.44107056,4.159791624
0.4217997387,22.80030935,0.01188825033,1.114914203,0.6496556783,0.1765825446,0.001135371318,0.9464322684,0.21575207,61.14984131,249.2669373,74.18966675,3.359860587
0.4842348383,1.754793538,0.01313517544,1.056834,0.6255506511,0.2225324641,0.001870706967,0.9499138033,0.2218530531,48.56939697,252.3597717,63.82394409,3.953998383
0.6254302009,10.92569924,0.01147312065,1.113347924,0.6003009235,0.04293573141,0.001899237387,0.9107648277,0.2130308833,34.019104,264.5119324,60.46603394,4.374554029
0.680852596,5.970053552,0.006543308138,1.199024876,0.5644592972,0.1679097252,0.001384772832,0.9153415893,0.2245602509,21.19696045,256.1101379,62.14498901,4.121171184
0.614378691,8.689325331,0.005557597256,1.131196888,0.6619101502,0.2352976199,0.0002594024755,0.9507050676,0.2214295505,59.32501221,257.2547302,98.26077271,2.618081694
0.5057644912,35.7597959,0.01290900097,1.134705673,0.5601977303,0.06752799511,0.00149579386,0.9520501716,0.2063936916,54.5635376,260.2745056,70.88650513,3.671707403
0.5957581365,43.2715383,0.008816833382,1.123830879,0.621665046,0.08381500356,0.0002623595502,0.9206477187,0.2279403139,54.39434814,238.8681946,90.35873413,2.643554017
0.6710183754,6.25358411,0.01039103206,1.135970271,0.6142967563,0.02937558159,0.001231333012,0.9060994481,0.1946303429,37.55999756,293.5163879,74.02542114,3.965075557
0.486508803,11.8454428,0.01151232342,1.142913068,0.5776429711,0.1240754107,0.001551857118,0.9519458738,0.1934642532,57.51226807,284.9684753,75.50363159,3.774235349
0.4292474089,40.91438294,0.0153568439,1.104015226,0.6522066772,0.149980361,0.001502352195,0.9436864469,0.2175005718,57.3793335,242.0340881,68.53231812,3.531678116
0.6160762449,15.90108536,0.007920827312,1.081987743,0.6743076168,0.1657855856,0.001559235688,0.9434887068,0.2235254989,41.95892334,251.7752991,66.56137085,3.782603872
0.517417294,14.71868093,0.01610187142,1.101048173,0.6151329784,0.03462316127,0.0008757156908,0.9199199695,0.2180086132,56.95635986,251.5561218,73.45968628,3.424410511
0.5687681836,8.82040327,0.008607300217,1.131583249,0.585291765,0.2479905834,0.00192413086,0.9460317431,0.1939037372,40.83502197,290.5940247,70.75875854,4.10682763
0.4405699103,16.0440161,0.01471962235,1.158358019,0.6454816891,0.2628546569,0.001848093571,0.9296662495,0.2115719274,50.16461182,255.4526062,64.99191284,3.930529123
0.6276743901,4.107702371,0.01433559861,1.17904186,0.6040836069,0.04965893253,0.0002084308635,0.958537416,0.2228524308,83.21697998,253.9183655,100.8522034,2.517727496
0.5781515658,21.45556889,0.005882985224,1.15413091,0.5990595583,0.01068672614,0.001752159707,0.9522910659,0.2231933149,43.20367432,249.3887024,63.95169067,3.899642054
0.4528919424,20.32246362,0.01425347432,1.130873372,0.6590071464,0.05624797119,0.001161924923,0.939529598,0.2051057648,64.54571533,263.245575,76.74459839,3.430151183
0.730502248,2.18922907,0.01505403206,1.036860179,0.621802314,0.02133529017,0.0007028047979,0.9349179046,0.2124883334,53.65716553,270.9167786,81.27047729,3.33352021
0.4474838607,2.30052318,0.01789744953,1.134103254,0.6791926726,0.1930368531,0.0003478576733,0.9109363951,0.1920856976,85.21099854,286.2348328,102.0931702,2.803662892
0.5576609542,6.047021907,0.006397274765,1.148150689,0.6506811714,0.02341832214,0.001603288637,0.930882674,0.2083500453,45.66900635,272.158783,68.49581909,3.973363434
0.6062806117,46.84917161,0.0108952463,1.049021511,0.6663710159,0.1846900959,0.001767693953,0.9359129378,0.1940743034,46.53912354,280.4875183,73.03994751,3.840193317
0.5254048666,13.65104031,0.01260480065,1.077607587,0.5795913974,0.05923202682,0.001148061609,0.9529159103,0.2160198817,56.40045166,256.2319031,72.8757019,3.516012833
0.7140655766,10.28964213,0.006256384351,1.044786171,0.6562652591,0.1083273421,0.001205159651,0.9003827532,0.2025661741,25.5112915,284.0187073,72.01797485,3.943719715
0.6493243538,31.66925647,0.01113187756,1.056753694,0.5836574503,0.2337043259,0.000755929971,0.9191845915,0.220493878,30.74407959,251.1421204,74.37216187,3.376829637
0.4639413408,6.765101896,0.007812368563,1.18421861,0.571815111,0.01586847478,0.0002545830166,0.9100199945,0.1900542091,74.44329834,292.8588562,105.8525696,2.766667426
0.6483491523,3.448608818,0.006472206336,1.129206022,0.6145485075,0.0450024588,0.0007829940039,0.9487773869,0.1995369919,53.76593018,288.9136658,86.36209106,3.345375989
0.6703440684,9.698984127,0.01093691673,1.05432934,0.5816354425,0.25587976,0.001293544476,0.9294149291,0.2236561218,28.06121826,254.381073,65.64889526,3.874872105
0.5290150542,11.04149661,0.0131431915,1.037051681,0.5748695008,0.02776781852,0.001815713827,0.9013555008,0.2000399568,39.44525146,277.9548035,63.33120728,4.388907387
0.4467238271,9.392525041,0.007377824523,1.100529142,0.6695145062,0.2205648323,0.001786545371,0.9594946693,0.216865399,53.70550537,255.4526062,68.49581909,3.729462755
0.6878831243,7.502023536,0.009978684627,1.178893478,0.6799330465,0.2198148501,0.001631368052,0.9436256609,0.2178550868,40.23077393,262.0766296,67.74758911,3.868427395
0.424830758,1.947803739,0.01410151654,1.171850787,0.6323723383,0.2615599114,0.0003447547589,0.9272095123,0.2114007221,76.47357178,260.9076843,93.82614136,2.78075684
0.7256769367,15.9792954,0.006451125998,1.145101021,0.6475397254,0.1332814707,0.0006246041244,0.9217933946,0.2010040781,33.23358154,283.5559998,87.14682007,3.253773339
0.6472031422,17.22333366,0.01108956692,1.152577508,0.6379547184,0.04249854571,0.001917223455,0.919107128,0.2153291898,37.24578857,260.0066223,61.56100464,4.223560415
0.6633519578,25.5298129,0.008334772326,1.08461589,0.5609148353,0.151431136,0.001357711316,0.9210624425,0.19532978,28.66546631,286.45401,72.41946411,3.955483702
0.5833568555,1.094201334,0.0175953335,1.090340848,0.5918914591,0.2396314063,0.001305033194,0.919580918,0.2143273008,42.59942627,262.9533386,67.4190979,3.900279695
0.5248555876,1.247676709,0.01337325008,1.144158839,0.6575449651,0.09646985233,0.001932363746,0.9459502423,0.2289124176,48.35186768,245.8088074,61.45150757,4.000045192
0.6604944679,3.097977733,0.01319416198,1.062529828,0.5797928818,0.2064637978,0.001708083967,0.9538586878,0.209658991,41.65679932,272.7676086,68.42282104,3.986500476
0.6830255978,13.55768873,0.01747792136,1.163919264,0.6515145544,0.02841270914,0.00187875119,0.9200096733,0.2086281008,44.98016357,267.6534729,64.31668091,4.161493863
0.544199599,11.12735998,0.01591616755,1.143763527,0.6244740914,0.2282295549,0.001949302671,0.9080958175,0.1996161259,41.4151001,276.7615051,64.59042358,4.284869022
0.5828685914,3.261730754,0.0175855958,1.085876799,0.6725673978,0.01021188502,0.0005995803364,0.9416529597,0.2237704871,68.70294189,250.9472961,81.85446167,3.065774193
0.4331867757,7.284608086,0.006390778096,1.180270699,0.6500558793,0.2257169024,0.0005609135036,0.9039930834,0.2133397468,52.44866943,259.9092102,82.00045776,3.16960682
0.5706985985,1.670404033,0.01033240165,1.036285692,0.6183270777,0.1176787563,0.001308606113,0.9428065592,0.2258896474,45.75360107,252.3597717,67.27310181,3.751273019
0.5943031183,9.318684328,0.01700963506,1.126483648,0.5771097502,0.2154251096,0.0009755240106,0.9006695493,0.2178486567,37.72918701,255.6717834,68.62356567,3.72571406
0.6397162304,5.313286358,0.01622791412,1.069229279,0.6774437708,0.2428280211,0.0005172102003,0.9229553951,0.2060788122,59.50628662,274.3505554,89.46450806,3.066585413
0.6196115355,1.308999912,0.005043785071,1.136652775,0.6085438592,0.1396175381,0.0005355109587,0.9181210756,0.2279740803,30.79241943,253.7722473,78.0038147,3.253331242
0.6184984114,38.46514556,0.01054361788,1.150757183,0.589105505,0.06647195847,0.001829324137,0.9340019818,0.2066435563,40.33953857,264.3171082,65.59414673,4.029583756
0.4579885047,2.972426024,0.01217111098,1.170160234,0.5909665091,0.1202545974,0.0007746675006,0.9013469853,0.2120215746,51.77191162,262.1496887,74.88314819,3.500783488
0.6891117015,1.170871859,0.01170181334,1.048164992,0.5657810293,0.1870343132,0.001902793991,0.9563274604,0.208679594,37.2699585,276.664093,66.7986145,4.141763943
0.6357963291,11.76125399,0.007072447024,1.053523263,0.6305459754,0.2373264091,0.001968415861,0.926828558,0.2116050167,28.33917236,268.5788879,63.16696167,4.251888659
0.6037938423,1.193707964,0.008751952524,1.162074983,0.6349037818,0.02450311493,0.0005546230251,0.9489483145,0.2180493776,63.72393799,263.0507507,85.44961548,3.078431064
0.5433121232,68.42536404,0.00602564335,1.141618849,0.6683855306,0.1127013373,0.0001428620136,0.9204507577,0.2255677898,67.65155029,235.8971252,102.7319031,2.296240196
0.5856766319,14.01854476,0.01546556162,1.09578709,0.5677023013,0.1638868251,0.001515032678,0.9369219418,0.2054362893,45.85028076,270.1618347,69.18930054,3.904676483
0.4394797451,61.52772606,0.008111291464,1.192861815,0.6755590601,0.2293635507,0.00192853845,0.9272812676,0.2214862336,44.54510498,235.7510071,61.77999878,3.815976234
0.4456297561,26.80088975,0.009432487521,1.038201634,0.648573444,0.1132300435,0.001127878746,0.9496426929,0.190476794,68.18328857,284.4327087,84.5553894,3.363862561
0.5894768296,1.047713947,0.005691101291,1.096426261,0.6692753211,0.2104740301,0.001022748022,0.9315738144,0.2067288476,42.09185791,278.7584534,77.78482056,3.583712752
0.4682577644,5.175585314,0.008436981532,1.169607952,0.6372769836,0.2594461382,0.001946252258,0.9549904442,0.2135022327,49.43951416,261.4434509,66.68911743,3.920331547
0.6877984005,8.98400349,0.01282871429,1.100986754,0.6143982916,0.2088893586,0.0002355438774,0.9296111394,0.2287850878,47.75970459,248.3415222,92.8041687,2.675973781
0.5994214737,10.04831686,0.006866816809,1.187736373,0.6128145674,0.08885794267,0.001389826975,0.907140273,0.2007000506,33.64447021,281.7295227,69.7550354,4.038841369
0.4771287917,1.849026517,0.008567121153,1.124966695,0.5845343405,0.05312731792,0.001771805473,0.9213409248,0.1923600537,46.56329346,292.688385,69.18930054,4.230255007
0.571638842,4.347263865,0.01062099088,1.141137434,0.6578303971,0.145253094,0.0004076185891,0.9481849894,0.1939173917,78.92681885,291.811676,102.7501526,2.840012094
0.5729026354,1.310539725,0.01603311832,1.127893357,0.6597520767,0.1599589904,0.0009789281633,0.9283781199,0.21360707,56.20709229,263.9031067,75.3576355,3.502008853
0.7244490188,13.20538805,0.01324996401,1.040986845,0.5905303137,0.1795078203,0.001503523623,0.9317821185,0.2127501668,32.10968018,266.9715881,66.92636108,3.989034871
0.7066670233,2.714946791,0.01691644246,1.078457878,0.6605747046,0.07509032117,0.0008512159284,0.9358325063,0.1914917446,63.08343506,298.3139343,87.74905396,3.399625647
0.6571422187,39.55659896,0.01644385988,1.056397245,0.6062006626,0.1198713668,0.001315539739,0.9018652191,0.2129131832,35.84393311,256.5241394,65.94088745,3.890213634
0.5504209353,18.51793853,0.005780378505,1.135856085,0.594761438,0.03149442113,0.0003976423011,0.9497479057,0.1918373226,73.70611572,290.2774353,102.6041565,2.829100158
0.5860582159,64.72032982,0.01542913803,1.06339659,0.6327058958,0.08175142951,0.001626247291,0.9478085385,0.1989830225,56.15875244,267.3855896,73.44143677,3.64080009
0.7155970543,8.936454992,0.007951856435,1.042920817,0.56751237,0.1982498458,0.0006171974124,0.9499530758,0.2156799113,33.60821533,266.6549988,83.02243042,3.211842841
0.4202290983,9.110912873,0.007390002084,1.131343736,0.6325429539,0.1168997715,0.000546763373,0.9116858881,0.2097895874,61.47613525,262.7098083,84.20864868,3.119748535
0.4374513969,23.07670853,0.01141287032,1.080861264,0.5731197525,0.01867746932,0.0004597028748,0.9045800454,0.2106183261,62.5758667,256.5971985,84.35464478,3.041885828
0.63377594,22.61422716,0.00926928025,1.037369197,0.5934321609,0.2492825992,0.0001095921067,0.9479744587,0.213516278,60.89605713,262.0766296,115.0868225,2.277207972
0.5446477609,1.843803515,0.01403741736,1.123168613,0.6377069418,0.03831958763,0.001160801381,0.9167422534,0.2089412676,52.7387085,269.528656,71.87197876,3.750121545
0.7302484398,7.826911367,0.01238250632,1.040645707,0.5751915827,0.1042295798,0.0002767762027,0.9007260388,0.2035700711,30.26068115,281.5346985,96.28982544,2.923826035
0.5053968161,51.03730692,0.008766962623,1.077737524,0.644729027,0.1020066217,0.0003655307235,0.9336308739,0.208967714,71.6395874,256.2319031,94.90286255,2.699938613
0.7219286371,37.1318921,0.01256487855,1.195609709,0.6045213102,0.1682957803,0.001009482383,0.9314004164,0.2181564623,37.53582764,252.3354187,72.27346802,3.491397682
0.675005659,10.01605104,0.0142021174,1.173292869,0.6793532891,0.22870337,0.0006179112835,0.9020274612,0.2121220096,42.33355713,265.8026428,81.25222778,3.271327446
0.4714575395,9.573132445,0.005473311138,1.114166513,0.6071291665,0.1771863712,0.0006100582534,0.9319878886,0.1935733866,59.4821167,288.0856628,91.27120972,3.156369503
0.650059491,2.736443103,0.005727578756,1.090511176,0.6630599969,0.2170599628,0.001715581421,0.9280966577,0.2159031274,29.65643311,267.9213562,65.13790894,4.113140268
0.6567943785,14.86084056,0.0157957182,1.128671664,0.6374419888,0.1060229221,0.0006465166392,0.920585694,0.1934784974,60.02593994,288.5727234,89.39151001,3.228189381
0.414466428,64.06962636,0.005814815164,1.051766475,0.5721431954,0.1757356152,0.001157559159,0.9301756902,0.1915506319,52.42449951,274.0826721,78.51480103,3.490840817
0.5392132411,9.764155446,0.006784599877,1.055620705,0.5786991558,0.2249002872,0.001410765862,0.9002362502,0.2117443276,26.03094482,265.8757019,64.26193237,4.137374836
0.7010144131,42.38172124,0.01599372463,1.144290154,0.5622030085,0.227710776,0.0001911984109,0.9322348026,0.2224334518,51.1918335,245.0782166,97.91403198,2.502993816
0.6048939877,50.66010147,0.0146824807,1.050379711,0.5708759361,0.2476871358,0.001175569297,0.9160564875,0.2262815318,32.72601318,238.4785461,64.6086731,3.691122797
0.4423999895,1.323534199,0.01032731924,1.170675651,0.6156339057,0.1837348603,0.0004398650222,0.9027091436,0.2188289754,57.46392822,255.0629578,83.02243042,3.072217429
0.7127299908,20.92284912,0.009581289775,1.048235293,0.6080621647,0.2163679284,0.001861519188,0.9598357386,0.1967840474,39.83197021,287.2089539,73.09469604,3.929272155
0.6439400046,13.00226867,0.01502534831,1.186897172,0.6334584366,0.06045343875,0.0003523989696,0.9425937518,0.2225471673,71.03533936,250.849884,90.55947876,2.770001412
0.6120855689,36.74251448,0.01399288806,1.123123242,0.6523226588,0.1987440217,0.0007222188439,0.9500678792,0.208413282,63.9052124,261.1999207,85.4861145,3.055466051
0.7055721399,37.83186999,0.01219433996,1.176144244,0.6472567654,0.03722948248,0.001748416272,0.9045053987,0.1919059633,37.47540283,286.6001282,69.17105103,4.143353671
0.6582636782,1.431757008,0.005831580788,1.102948806,0.5951444214,0.1316508224,0.001554477974,0.9435902708,0.2082444747,33.9586792,278.7097473,69.4447937,4.013400177
0.6904452945,4.05310565,0.01096564252,1.112004811,0.5617825312,0.1157172486,0.001083096164,0.9261092346,0.2077955402,33.28192139,276.4205627,72.67495728,3.803518751
0.4257662455,6.007719351,0.01334482432,1.044921777,0.6579917288,0.09015936068,0.001583192255,0.9249306418,0.2203512755,51.69940186,249.7296448,64.51742554,3.870731708
0.4783326565,19.70969148,0.01342728409,1.052033178,0.5809928043,0.05164260658,0.000107621075,0.9545659532,0.2248293869,95.45904541,242.5455017,110.0317078,2.204323705
0.4365975399,18.42232943,0.006661358154,1.171440438,0.6014651363,0.190493683,0.001915096492,0.9158064509,0.1970915349,41.42718506,276.7615051,66.03213501,4.191315412
0.6414010049,6.308030236,0.0062386068,1.170940434,0.5688277553,0.1108220864,0.001482008678,0.9546431247,0.1910124901,42.92572021,299.848175,77.49282837,3.869366771
0.5252203721,28.24556232,0.01387577677,1.100608634,0.6621272252,0.02889564212,0.001652888137,0.9239600434,0.2158788172,49.78997803,251.4587097,65.02841187,3.866905288
0.6064856821,9.613479993,0.005302219511,1.174074079,0.6654965544,0.2483945591,0.0009563098742,0.9269039354,0.2290370319,33.2456665,247.9762268,70.70401001,3.507244169
0.5774009203,5.979890993,0.008409278464,1.042155125,0.6747823205,0.1404349747,0.000697244819,0.9531970206,0.2071937352,64.6786499,274.1313782,87.58480835,3.129896421
0.4870658755,1.025997311,0.01035664662,1.081031366,0.6721415548,0.09924564607,0.0001869787198,0.9378153132,0.2012803924,93.22332764,279.9273987,112.4953918,2.48834547
0.7162351257,22.72009533,0.005811458926,1.043913045,0.6037625665,0.2265063209,0.0001677917906,0.9209105667,0.2219640153,23.20306396,255.5987244,100.1222229,2.552867055
0.7114670379,55.68153106,0.006093698501,1.166039769,0.6789510611,0.2385994906,0.0004874710027,0.9180684684,0.218219267,28.52044678,251.0447083,84.93862915,2.955601129
0.7078563023,4.463592488,0.01281233996,1.126835809,0.6211182885,0.2440819177,0.001876010679,0.9331733813,0.201660661,34.44207764,284.1648254,67.7293396,4.195594215
0.5360446751,2.309064532,0.008342823797,1.192540197,0.5792416932,0.2598065329,0.00136898004,0.9333361302,0.2191919649,36.95574951,258.7402649,66.47012329,3.892579885
0.6607624397,3.856268103,0.01686425302,1.06818838,0.573411586,0.02380637828,0.001008445386,0.9145075843,0.2271880177,41.25799561,249.7783508,66.52487183,3.754661136
0.4778079984,4.559790168,0.01608378901,1.118425845,0.6307345702,0.101130373,0.001040155536,0.9338465017,0.2073141727,62.20123291,266.6062927,76.47085571,3.486377787
0.4466035837,32.53833861,0.01416474882,1.095428747,0.5636902308,0.2268593153,0.001189715235,0.9284933026,0.2189973058,48.96820068,243.5926819,67.82058716,3.591721807
0.4430216427,29.01313195,0.01642240692,1.149131136,0.6337041497,0.262176136,0.001466627377,0.939014255,0.2228314998,53.41546631,238.4298401,66.34237671,3.593929731
0.646289146,18.76953562,0.008505851496,1.192735763,0.5648644144,0.05501047547,0.0001267279403,0.9171086653,0.1905540478,50.46673584,294.0278015,120.2879333,2.444366557
0.4147738742,56.27785487,0.00752825634,1.097319568,0.6713286782,0.1267024417,0.001581089979,0.9115120001,0.2286855662,44.30340576,229.6383972,61.01351929,3.763729742
0.4337409246,9.023303976,0.009203657164,1.175282082,0.6595201226,0.2183667095,0.001270753897,0.9223462228,0.1974635267,55.55450439,278.6853943,75.90512085,3.671496615
0.7079808153,30.15544465,0.005536252345,1.179404355,0.6167231294,0.02080123965,0.001292683211,0.9270193072,0.2047233856,33.39068604,273.4738464,72.16397095,3.78961749
0.5583409253,21.77029838,0.01751399484,1.169039052,0.6166488702,0.1734193385,0.001068737871,0.9500181713,0.2273095595,56.69049072,239.282196,71.06900024,3.366899706
0.7264140711,1.700225015,0.009488811682,1.142823455,0.6473373118,0.1782069812,0.001821482621,0.9224699819,0.1929232113,31.78338623,300.8222961,70.5397644,4.264577557
0.5155514531,4.545753388,0.01179544667,1.18557324,0.5770306416,0.07404621003,0.0016537557,0.9298596932,0.2245938591,42.98614502,249.0964661,61.17776489,4.071683013
0.5476401864,34.60059015,0.01613307087,1.055351738,0.6722449014,0.04370630883,0.001744153628,0.9093992814,0.222979806,44.62969971,242.5455017,60.66677856,3.997995401
0.5923763107,13.48363198,0.01694416246,1.075552467,0.63532225,0.01696812053,0.001186530968,0.9531108005,0.2235000959,58.20111084,248.2928162,71.26974487,3.483846008
0.5166155216,12.50431303,0.01087563774,1.165357251,0.6570508303,0.1113766685,0.0002639890317,0.9073433131,0.224157616,65.40374756,246.9533997,91.10696411,2.710587517
0.5784953626,5.784742091,0.01374091693,1.119401258,0.606301975,0.06613457344,0.001401152615,0.9418046025,0.1978333138,55.17987061,284.1891785,75.01089478,3.788638695
0.5338223957,7.910761948,0.007042343337,1.146264477,0.5726359106,0.2137948348,0.001941309145,0.928849491,0.2174790364,31.71087646,258.7646179,60.4112854,4.28338209
0.497586986,43.70864971,0.008675119782,1.038021629,0.5998292154,0.1622919644,0.001428581501,0.9021512603,0.2057502496,36.36358643,262.0035706,66.68911743,3.928730513
0.4963701014,2.144430365,0.008717929707,1.050017194,0.6023689613,0.1479537248,0.001755436154,0.9375389909,0.2158482458,43.37286377,261.7113342,64.37142944,4.065644285
0.5453274413,24.5856573,0.01174058628,1.076325613,0.6780415762,0.1139389108,0.000581498201,0.9312619741,0.2204128771,62.55169678,249.072113,82.56619263,3.016635564
0.5658445301,3.956635288,0.01797301999,1.180121713,0.6531372497,0.03004353468,0.0002387474487,0.9065898286,0.1911956355,87.49505615,291.5681458,108.4987488,2.687295006
0.5483372976,15.2640456,0.01417192509,1.185280775,0.6388830382,0.2045546864,0.001669227609,0.9575185283,0.2118615228,54.79315186,259.8361511,70.21127319,3.700775378
0.493471647,16.99806318,0.01529355843,1.111217022,0.6620102956,0.2086664845,0.001101987956,0.9472738416,0.2111870773,62.3583374,258.2044983,76.78109741,3.362865432
0.419801153,2.818796467,0.008968745171,1.179329238,0.574037189,0.04191886034,0.001321833272,0.9539792893,0.2038844774,60.67852783,272.4023132,74.64590454,3.649259995
0.5602468956,22.24654388,0.01572786377,1.125661854,0.5861215362,0.1652794067,0.001084148651,0.9364453419,0.2094068693,53.16168213,261.0781555,74.17141724,3.519929445
0.6365992612,4.723038806,0.01001457911,1.139730894,0.6727620336,0.1058447989,0.0006997872333,0.9550463492,0.2171800129,62.37042236,262.8315735,83.67941284,3.140934724
0.5088376048,2.656679276,0.01639797825,1.062223165,0.6107079817,0.1953450946,0.001580550704,0.9592745156,0.2251100659,53.3550415,247.8057556,66.52487183,3.72500914
0.6099914346,24.67856957,0.01376613871,1.07567908,0.6097635222,0.05560315357,0.001280290966,0.9391194661,0.2081925198,51.50604248,265.1694641,72.58370972,3.653291698
0.6140467123,64.26040829,0.01239301274,1.044470104,0.6469184794,0.05800270574,0.0006634588162,0.9403544588,0.2079698106,62.91424561,258.3993225,85.50436401,3.022060049
0.6311650005,39.67881762,0.01126520209,1.095296253,0.6305816595,0.2536163359,0.00171693908,0.9269787007,0.2246529594,32.53265381,243.714447,61.72525024,3.948375196
0.494070763,2.084085556,0.008996727817,1.162667361,0.6346775853,0.1002197767,0.0003843672207,0.9414341805,0.210840481,74.00823975,267.2638245,93.95388794,2.844627618
0.5522395638,40.58446092,0.01681432841,1.185791682,0.6635587877,0.1702237527,0.0003800938549,0.9569349441,0.1911332093,91.94232178,279.0750427,107.257782,2.601909508
0.6269095347,27.49676793,0.01125370147,1.074469977,0.6542272472,0.1592856829,0.001252278806,0.9237339935,0.1969395803,45.07684326,281.2424622,76.36135864,3.68304686
0.6297475046,48.23378087,0.01569827542,1.077387277,0.5755867546,0.2524608418,0.0007273883061,0.9110621139,0.1944158091,40.50872803,278.0278625,83.7706604,3.318916924
0.6400322442,7.023124347,0.005851916593,1.148972571,0.6191957723,0.1488842336,0.001976050483,0.9551591019,0.1999980821,40.61749268,286.2835388,70.33901978,4.070053005
0.7215563663,1.811578068,0.007008674817,1.170279267,0.6438959539,0.1899679603,0.0008026377906,0.9162732518,0.1985685202,29.24554443,293.2241516,82.76693726,3.542769146
0.5683446157,16.44530633,0.01259312999,1.067370381,0.5937894142,0.06706726298,0.0009103338865,0.945043152,0.2256840891,53.65716553,246.0279846,72.8757019,3.375994717
0.7007347521,19.45436499,0.01293199863,1.085678621,0.5772645545,0.2673569146,0.001974125858,0.9253310457,0.2233995924,24.85870361,251.4343567,58.27609253,4.314536987
0.6242937894,1.442284227,0.0146671998,1.040462783,0.5888673822,0.13372064,0.0004605461901,0.9562581666,0.1976062035,73.11395264,288.4022522,97.7862854,2.949311869
0.7016901575,2.940522147,0.01690708824,1.158447418,0.5935987438,0.0440655553,0.0003136321457,0.9366089834,0.2181846444,67.73614502,260.9807434,92.53042603,2.8204857
0.4901292127,17.07841315,0.008046825219,1.089460107,0.6573084716,0.2582638213,0.001522659813,0.9310506292,0.1923284026,49.66912842,286.8923645,75.6678772,3.79146839
0.5236202674,21.52261137,0.01772054841,1.172456905,0.5735624538,0.05961187775,0.00140468611,0.9276103904,0.2020881101,54.16473389,267.702179,70.52151489,3.79603557
0.49907306,15.04550229,0.01539226042,1.099381838,0.6313700528,0.1758495409,0.0004994558626,0.9052873342,0.2071191384,62.20123291,264.2440491,86.16134644,3.066851436
0.6716387934,1.09702624,0.007332637064,1.100172949,0.5803296927,0.01628813731,0.0008112010451,0.9448685652,0.1958130952,49.00445557,296.3169861,85.68685913,3.458138028
0.461122427,1.00797546,0.006913326152,1.055848112,0.597950383,0.08473526448,0.001955870741,0.9357977036,0.2287401086,40.83502197,246.8803406,58.65933228,4.208713789
0.4533162516,56.12983941,0.007470276898,1.065915206,0.6757095126,0.2531276336,0.0001821107737,0.9177023572,0.2265389579,70.18939209,233.9975891,98.15127563,2.384050412
0.7021319314,34.29363801,0.01078246761,1.108526348,0.5903771533,0.1685449798,0.001035004096,0.9248616159,0.2207513597,30.52655029,251.2882385,69.84628296,3.597732447
0.4282324131,9.45236151,0.01184623655,1.059908552,0.675179209,0.1037471368,0.0011102599,0.9158780251,0.2120640484,56.98052979,258.7889709,72.47421265,3.570773127
0.6859344541,58.70850822,0.01193824414,1.076017306,0.6590506808,0.1542289763,0.001396448167,0.9286113356,0.2224006662,38.01922607,244.3232727,66.50662231,3.673668339
0.6856527798,13.65279654,0.01448959862,1.133817463,0.6673169267,0.1660061383,0.001265513143,0.9369087818,0.197740542,51.84442139,284.3109436,78.0038147,3.644833842
0.5465412825,2.241271858,0.006142250543,1.157307015,0.6053451441,0.05428331954,0.001122294078,0.91602948,0.1959437697,43.38494873,291.2272034,76.30661011,3.816539654
0.4130999647,28.03321672,0.01143023011,1.16840678,0.6054264434,0.0371433733,0.001945100917,0.9219599471,0.2112711526,48.41229248,252.2380066,62.01724243,4.067223835
0.5070553801,4.920597311,0.01549143123,1.18880038,0.5604229412,0.1854200505,0.001850954982,0.925880893,0.2166731474,41.99517822,255.8666077,60.70327759,4.215037768
0.443792515,20.42096597,0.005410757167,1.155835792,0.6670412724,0.09191830599,0.001424828192,0.9508343406,0.2162866482,55.95330811,252.5058899,71.06900024,3.552968088
0.4416932884,28.61715835,0.01677960141,1.189698228,0.6134012188,0.1954686677,0.001086127313,0.9440305447,0.2081456206,63.77227783,254.5271912,76.41610718,3.330805514
0.5307995408,1.779559424,0.0104610172,1.184412923,0.6557077518,0.1274478055,0.001657182717,0.9254730451,0.21067457,46.47869873,268.2866516,66.74386597,4.019645067
0.4584662121,39.34221522,0.005617120749,1.059086719,0.5827521834,0.08721900304,0.0006659235729,0.9058558516,0.2169771473,44.27923584,248.4632874,76.01461792,3.26862509
0.4792407628,33.4393413,0.009012382688,1.167381151,0.5985528746,0.1482019436,0.001491765827,0.9354815521,0.2104513981,47.96514893,255.8666077,68.45932007,3.737498523
0.509734129,2.925888277,0.01404928175,1.145299562,0.670899031,0.2529296092,0.001761688906,0.9069310958,0.1926680145,46.87750244,290.0582581,69.93753052,4.14739062
0.7249180166,3.695524992,0.009299545715,1.093334805,0.6311533727,0.1375062105,0.001807502289,0.9283299366,0.2004340939,32.04925537,288.7188416,68.33157349,4.225262596
0.6647982161,14.54212094,0.008461344166,1.041224594,0.6196326793,0.1844506061,0.0009508234869,0.9544782754,0.2042285617,47.63885498,277.7843323,81.98220825,3.388348987
0.6931334287,27.38567762,0.005443630038,1.161377281,0.6628490031,0.1806114906,0.001238025363,0.9127894457,0.1932723494,28.65338135,290.2530823,76.81759644,3.778471284
0.6052827954,63.50525381,0.01104975511,1.088717275,0.5799954961,0.02487054103,0.001770537102,0.9388654359,0.2281349024,39.50567627,235.1421814,60.24703979,3.902966556
0.5157397501,20.76485656,0.01121827247,1.113894182,0.5790652663,0.112875615,0.00114504802,0.9384989523,0.192848972,56.37628174,284.3596497,79.53677368,3.575197189
0.4126997185,29.38734245,0.009947418019,1.101844028,0.6011450865,0.06329509243,0.001846891883,0.9510686912,0.19414618,58.88995361,275.5925598,72.47421265,3.802629235
0.5459661463,14.33377139,0.01687940701,1.137147025,0.6499441229,0.2082264642,0.0009204983612,0.9014329402,0.2292240959,46.28533936,239.6718445,68.02133179,3.523480623
0.4256185816,1.084969614,0.0144370272,1.061359336,0.6035985969,0.1789696762,0.000985265523,0.9284764771,0.2279018842,54.27349854,242.9107971,69.20755005,3.509888689
0.6501518019,1.042267723,0.007727012291,1.183913969,0.5977031119,0.05890701338,0.001681459964,0.9263311301,0.2018194294,35.43304443,286.3322449,67.91183472,4.216234859
0.4877662182,23.97901938,0.006446882421,1.12014546,0.5647581981,0.1518804266,0.00159055122,0.902387889,0.2060334296,31.65045166,265.9000549,63.75094604,4.170919358
0.6066605749,23.12719244,0.006554581965,1.098192278,0.6436071824,0.1181334709,0.0008408186283,0.9321671064,0.2087559064,45.75360107,267.3855896,79.84701538,3.34872366
0.5690478546,3.224358351,0.01230282074,1.076451482,0.636981832,0.1647932964,0.001943407026,0.938139114,0.2126869286,44.08587646,266.1192322,64.57217407,4.121267961
0.5859253323,2.066592786,0.0145904029,1.176665582,0.5911903702,0.2180208115,0.001187334942,0.9456658389,0.2093435129,51.82025146,269.7965393,74.04367065,3.643748843
0.4834157936,16.32398685,0.01086089498,1.11964266,0.5838410929,0.1595753367,0.0007387551422,0.9442864495,0.1967188145,65.41583252,278.9289246,87.23806763,3.197330387
0.4513149357,2.482168862,0.01486908392,1.175779114,0.6391174209,0.2498307732,0.0008439398983,0.9380137672,0.2053202048,66.24969482,269.1877136,81.92745972,3.285683635
0.7092165416,46.72534096,0.01073598817,1.086318732,0.6301208071,0.1034732228,0.001670708824,0.9580504224,0.2211133351,43.46954346,248.8042297,67.01760864,3.712520258
0.7071228511,1.374443738,0.01210103617,1.191965687,0.6408277071,0.2454569384,0.00178345726,0.9539550032,0.2047851569,43.56622314,281.4129333,70.9960022,3.963785631
0.4137405486,47.21119222,0.01005071179,1.052880505,0.6480232409,0.1150672403,0.001691973186,0.9562334622,0.2186811726,56.26751709,241.4983215,67.74758911,3.564677721
0.4238152118,48.76340478,0.008229864356,1.186314279,0.5996929328,0.1588530734,0.00185998784,0.9116493089,0.2274141672,38.17633057,231.245697,57.16287231,4.04538274
0.6622480216,6.427757736,0.005999414727,1.150663078,0.6666596514,0.04577291994,0.0001173223832,0.9062323726,0.2096120329,45.63275146,274.0583191,112.2033997,2.442513506
0.6220147103,32.90756725,0.00985150763,1.199844059,0.6613301264,0.09831011322,0.0005503513381,0.9316028792,0.2122254214,58.55157471,258.4723816,86.32559204,2.994157068
0.6844677268,9.270141461,0.01635721554,1.103550451,0.6601290883,0.1947384865,0.0001120654835,0.9449816368,0.228197117,83.90582275,247.269989,108.5717468,2.277480065
0.664364728,10.44505354,0.009390201085,1.177535978,0.6732494511,0.09422535537,0.001101715092,0.9573804624,0.204305553,58.37030029,277.7112732,81.03323364,3.427128114
0.5512833228,24.10946938,0.007028888206,1.108574291,0.604866269,0.1135415533,0.0003413543309,0.9141040106,0.1907107036,53.72967529,289.8877869,101.3996887,2.85886269
0.6671017343,7.297360264,0.008897875006,1.140156114,0.5707732595,0.2340595372,0.0002274016096,0.9380665079,0.2173600351,38.18841553,262.8802795,98.18777466,2.677321901
0.6259323145,1.001038986,0.01615903017,1.096919206,0.5706447363,0.07873880029,0.001837972652,0.9117411272,0.2109817749,36.19439697,269.3094788,60.95877075,4.417895496
0.4113912207,9.06453646,0.008803079061,1.071115992,0.6726199696,0.1410570617,0.0001353481706,0.9069016745,0.2106594212,86.99957275,261.0294495,109.3929749,2.386162821
0.5535454968,5.330224563,0.01217298392,1.135672201,0.6060079961,0.1625250912,0.001158172355,0.9552653469,0.2163227387,55.16778564,259.8117981,73.76992798,3.521920181
0.5831687681,17.57461288,0.006479876401,1.119004387,0.651269585,0.2149580673,0.001662156766,0.9291207572,0.1988972582,38.11590576,281.4372864,71.10549927,3.958024193
0.5982907247,15.73631918,0.01618796938,1.138807935,0.6489567112,0.03950446988,0.0004419963187,0.9565169712,0.2090481771,80.28033447,264.5362854,94.73861694,2.792275145
0.4627148996,2.011358324,0.01595873886,1.155272144,0.6024653547,0.2655043927,0.0001686751845,0.956417301,0.2237190193,89.69451904,247.3674011,103.8998718,2.380824892
0.4340218521,5.090755464,0.01277278291,1.118632347,0.631492531,0.09302630323,0.001192350722,0.9393666282,0.2200652816,57.77813721,250.5576477,70.46676636,3.555685334
0.6955562054,18.80407295,0.01781187035,1.133937274,0.6161336528,0.2296892321,0.001150396238,0.9512402634,0.1924216028,57.59686279,288.9623718,82.78518677,3.490508183
0.547074949,3.288525676,0.01765992852,1.072232035,0.6238458683,0.06955692295,0.001478971709,0.9242671903,0.2224992565,48.49688721,251.1908264,64.09768677,3.918875065
0.4242024749,1.892625492,0.01794477672,1.039125687,0.6552341994,0.1115716202,0.0004963848129,0.924641002,0.2155355031,73.4644165,254.9168396,85.7963562,2.971184918
0.6350200801,5.378025272,0.01163313381,1.173688611,0.5788146468,0.0971332372,0.0006430576782,0.9447987995,0.2154650537,54.46685791,263.6108704,81.92745972,3.217613133
0.6851948517,1.406717049,0.008915145025,1.063968906,0.6022926867,0.2504969088,0.0001480899338,0.9058790023,0.201454346,27.02191162,287.6229553,110.6886902,2.59848549
0.7109828519,4.032167293,0.006304854411,1.103644524,0.5698843008,0.01094923071,0.0007794118595,0.945835906,0.2132077303,39.54193115,272.1344299,79.22653198,3.434890095
0.6800749719,68.7122237,0.007676361152,1.157998426,0.6461442326,0.06551859144,0.0008387973728,0.9240427364,0.1988458766,43.32452393,271.5499573,82.76693726,3.280898947
0.4708224032,2.496703608,0.01127630106,1.094298703,0.5654600381,0.1672622573,0.000725867852,0.934320544,0.2285583895,52.76287842,244.7129211,73.6421814,3.322999353
0.6838373558,39.85733196,0.008354344845,1.17281938,0.5907980912,0.04046962341,0.0005177401775,0.9595809478,0.2029172077,63.04718018,271.5743103,93.53414917,2.903477636
0.5429987321,18.99207934,0.007115160747,1.181397809,0.584430392,0.1408647222,0.00154405161,0.9093349569,0.2011443437,33.58404541,275.4220886,67.23660278,4.096311789
0.5017004113,9.528761892,0.01073866957,1.086167449,0.5744479005,0.1431735185,0.0008542961437,0.935060522,0.2277437002,49.57244873,244.2015076,71.57998657,3.411589178
0.4478506585,3.336923176,0.01303132244,1.097350507,0.6343512294,0.07099023234,0.0009537732996,0.9187184131,0.1904646588,65.08953857,291.1297913,82.85818481,3.513591227
0.6558298702,67.80041172,0.005652397641,1.156616868,0.6609613218,0.1401471143,0.001673593445,0.9308681328,0.2248043371,31.84381104,240.3537292,63.16696167,3.80505446
0.7040581189,2.232355498,0.01208592705,1.181976058,0.6481836994,0.02920661199,0.0006522914728,0.9097498312,0.2165114449,45.05267334,265.6808777,78.60604858,3.379903741
0.6736951107,12.73022175,0.01715003161,1.185638647,0.6433713475,0.1028579835,0.00198393705,0.9576480801,0.1968543979,55.79620361,283.6047058,72.38296509,3.918113958
0.4670114091,3.514590862,0.01285730076,1.141336442,0.6651168814,0.2495956024,0.001832533744,0.9212458476,0.219282865,45.17352295,253.4313049,62.30923462,4.067315326
0.5085340564,1.07072491,0.007400985268,1.058862844,0.5607009241,0.2185953507,0.001900866392,0.9097912549,0.1998916355,29.91021729,284.3352966,63.33120728,4.489655398
0.610166011,3.630827031,0.01617400868,1.125739222,0.5874239045,0.01743845422,0.0006153713175,0.9402330826,0.2277123363,60.00177002,247.6839905,77.80307007,3.183473226
0.5345355634,12.87510416,0.0100015943,1.154459453,0.6469573914,0.2080125781,0.001676524199,0.9273728268,0.228378616,39.88031006,243.3491516,61.48800659,3.957668578
0.4740209372,8.72321696,0.01175520456,1.098623132,0.5671945902,0.125073918,0.0003594551546,0.9420454676,0.2176270856,70.62445068,254.2106018,90.4682312,2.809943319
0.4294759863,7.046966049,0.007982102313,1.06111473,0.6126861992,0.2010491707,0.0008819693094,0.9004884393,0.2079187591,46.03155518,266.6062927,74.64590454,3.57161313
0.6318367907,45.30396924,0.007638785219,1.166259926,0.5900927295,0.1046474216,0.0003744713939,0.9103143878,0.2283461655,33.23358154,239.0386658,82.34719849,2.902814791
0.5196270067,3.829626865,0.006742038214,1.064035346,0.5809652925,0.08199980975,0.0002450971153,0.9446764696,0.2176877987,69.94769287,260.3719177,97.80453491,2.662166105
0.6208163742,3.678991466,0.0172756696,1.168053962,0.6429841816,0.0342366124,0.0006831888956,0.9169445687,0.2166000104,58.9866333,259.8361511,78.51480103,3.309390685
0.7110534724,8.546240638,0.009843144059,1.145742103,0.6581328541,0.04387530696,0.0017231937,0.9041258643,0.2174113982,30.26068115,263.1238098,61.5062561,4.278000751
0.4704415402,2.591862681,0.009363600394,1.083104084,0.5887921356,0.09953704202,0.001043832592,0.9454886724,0.2227592602,54.00762939,251.8970642,71.52523804,3.521792742
0.6591383582,65.20780917,0.006011794501,1.099773631,0.5720523324,0.2168673392,0.0002185865733,0.9271410889,0.1952795876,31.17913818,278.0765686,108.5169983,2.562516223
0.4830350256,3.652206312,0.012643887,1.136841371,0.6689315247,0.269795271,0.001843636371,0.9061691462,0.2232395612,39.4331665,249.6565857,59.51705933,4.194706333
0.4496327283,1.02389816,0.01310076657,1.17386975,0.6401011545,0.06259045945,0.001108752827,0.917010496,0.202057494,59.47003174,275.2516174,75.28463745,3.656145885
0.6270978187,1.224205518,0.005448158642,1.174703368,0.6729600705,0.08631552707,0.0008747717329,0.9043086515,0.2059717734,35.79559326,280.9015198,77.3833313,3.630000351
0.5970056265,1.285328646,0.01662320603,1.113563303,0.6690271293,0.1545466138,0.001536893171,0.9055480169,0.2183723935,42.27313232,258.7889709,63.677948,4.064028115
0.6826150904,24.31693423,0.01025689419,1.084415542,0.6064326003,0.1511285056,0.001172316502,0.9374248279,0.2003801547,40.44830322,279.4403381,76.79934692,3.63857701
0.4572922812,40.09112383,0.01799052279,1.143537825,0.5727064468,0.237034287,0.001540238284,0.9574667512,0.2064219629,58.81744385,254.6976624,71.68948364,3.552789746
0.5995067073,68.97708564,0.01760748348,1.165669759,0.6227980234,0.2044047964,0.0002928132023,0.9083263654,0.22169836,61.01690674,236.9930115,89.70175171,2.642010964
0.6159926639,5.924838957,0.008792571669,1.121641815,0.6140492377,0.1104132057,0.001796041546,0.90645333,0.1911043189,33.25775146,298.046051,68.38632202,4.358269932
0.459533904,15.42404357,0.008742578348,1.092357661,0.5738621996,0.1334823089,0.0008569299178,0.9241612803,0.2145222212,50.17669678,256.158844,74.53640747,3.436694264
0.4904393258,51.43576734,0.007802597427,1.057243951,0.5824230974,0.1075681594,0.0001875165622,0.9475458635,0.2041909012,84.26837158,262.1983948,109.7579651,2.388878061
0.5938734179,40.70965536,0.01708149895,1.10514289,0.6766760971,0.1454258185,0.0005858262162,0.925016582,0.1954965617,70.26190186,275.714325,92.07418823,2.994480106
0.4960383049,56.48618336,0.0129836287,1.133061211,0.6775777783,0.150891258,0.000638288229,0.9063164806,0.2035505679,62.10455322,259.0325012,84.48239136,3.066112323
0.5905538918,18.37565869,0.007495389933,1.061205746,0.637124932,0.1094091356,0.001139051285,0.9024756755,0.2129363724,33.4631958,262.9776917,69.24404907,3.797838156
0.6652926983,7.440920673,0.01673088225,1.118656076,0.6129741013,0.1206016337,0.0003952262617,0.9114524123,0.2052368169,56.58172607,274.7402039,91.43545532,3.004744745
0.6059568463,6.217186942,0.01181064546,1.091459664,0.6463920412,0.03989429296,0.0008998518917,0.9070809881,0.2187673078,45.10101318,258.7889709,72.01797485,3.59339417
0.6046677846,33.88482422,0.0135745276,1.177320795,0.5995531824,0.1407043368,0.001523605913,0.9235877128,0.2221274419,39.4331665,244.9320984,63.11221313,3.880898581
0.5143600414,31.44101362,0.01625950334,1.138506876,0.6720108956,0.02202954299,0.0003030726775,0.931729644,0.2153730675,82.1897583,249.3156433,95.68759155,2.605516967
0.5745752532,7.839068757,0.01111131473,1.112238746,0.6278941721,0.01800779862,0.001386540068,0.9009188852,0.2202268054,38.84100342,255.5256653,63.20346069,4.042906235
0.5460898205,4.741705339,0.01128869802,1.161044959,0.5918348915,0.05445452659,0.0004754722435,0.9488717299,0.227173966,65.21038818,247.6352844,83.51516724,2.965153428
0.72965423,13.93143536,0.01584279002,1.139463657,0.6576613319,0.1146195935,0.000356518817,0.9219028423,0.2003283545,63.28887939,281.1694031,98.22427368,2.862524634
0.5394603959,1.016716593,0.00756344306,1.177623785,0.6178749719,0.05384141454,0.0004622618732,0.9322065476,0.2145488823,61.41571045,265.7052307,87.36581421,3.041295192
0.5272880804,6.171285225,0.01495294679,1.095710298,0.5600342442,0.2132972366,0.001268189148,0.9133356681,0.2229328525,38.47845459,249.8757629,63.71444702,3.921806978
0.549802511,20.00827023,0.01519027226,1.163535635,0.5686948159,0.07304325757,0.0008979660772,0.9288952795,0.2023952084,57.222229,270.1861877,78.55130005,3.439614463
0.4632449771,8.329990539,0.01570505189,1.054550794,0.6442378869,0.2101205546,0.0002606691872,0.9118651995,0.2210222106,72.77557373,248.6824646,92.93191528,2.675964052
0.5812123141,2.433857995,0.01254228633,1.172069682,0.6488086642,0.1120225952,0.001970688019,0.949717806,0.2220413911,47.39715576,255.0386047,63.33120728,4.027060524
0.4208964729,10.41880734,0.007361928842,1.183146015,0.6329607843,0.1302180456,0.0004946124816,0.9478979853,0.2101838834,74.31036377,261.3703918,90.63247681,2.883849157
0.4352726264,14.36956086,0.01286633873,1.194509806,0.5988329517,0.2501020653,0.001963098527,0.9079263469,0.2023309446,42.69610596,267.9700623,62.91146851,4.259478734
0.6379702126,66.95288518,0.01117560433,1.072930736,0.5620361253,0.1699940732,0.001355034706,0.9202999086,0.2205495492,29.41473389,243.9336243,64.13418579,3.803488284
0.5043053188,7.785974058,0.01029829296,1.129705325,0.5869270142,0.2207557683,0.0009828581049,0.9471163299,0.2201313373,51.965271,253.3095398,73.66043091,3.438882133
0.7281327309,30.61206065,0.006355307832,1.192049161,0.6532537706,0.1143039471,0.0005418387252,0.9529755286,0.2040645429,52.7387085,274.3505554,92.95016479,2.951587617
0.7244092465,1.296908922,0.009112140484,1.054102357,0.6294323114,0.2380151914,0.0008731104069,0.9135275489,0.2041617405,26.20013428,284.9928284,78.27755737,3.64079869
0.7119746593,11.86292303,0.01091010774,1.062097647,0.6357533289,0.1502785037,0.0003898952361,0.9113531914,0.2008242852,37.75335693,283.7264709,94.3553772,3.006998428
0.6785480353,2.798463456,0.01166548546,1.038705722,0.5817573371,0.1941805759,0.001314306987,0.958728648,0.210576242,43.83209229,273.108551,73.44143677,3.7187256
0.48541563,16.48911239,0.01148049649,1.074798019,0.6569078302,0.2336818505,0.001968789611,0.9395707112,0.1941855922,52.17071533,282.8010559,71.3062439,3.966006908
0.6085666386,6.099943136,0.01174945644,1.115125649,0.6563648984,0.1865573477,0.001893849613,0.9382034177,0.2103924322,43.39703369,269.0903015,66.23287964,4.062790309
0.4734701752,11.1480194,0.01518086832,1.106237879,0.6428312107,0.1047991913,0.0007812248394,0.9402623944,0.199357382,71.55499268,274.837616,86.08834839,3.192506548
0.4355570104,28.70765185,0.006632790996,1.06371977,0.6121757151,0.02688269533,0.001530801923,0.9167881951,0.1910688037,51.16766357,283.3124695,72.60195923,3.902270304
0.4720477835,53.68027045,0.0169678211,1.122701834,0.6607754914,0.02708253494,0.001644489622,0.931337888,0.2051629396,57.92315674,254.9411926,69.42654419,3.672099708
0.6093671801,4.959968221,0.01702395052,1.114430492,0.6283609326,0.03102892452,0.0008799732322,0.9457933556,0.2213790045,60.66644287,253.8453064,75.79562378,3.349076025
0.5269016015,5.159204408,0.01323594063,1.064917591,0.6647687348,0.01354043587,0.000634761435,0.9214380076,0.2256110691,60.8114624,248.2441101,77.60232544,3.198926175
0.6724211811,20.57788444,0.01243383736,1.098039219,0.6281404973,0.2210398896,0.0019089752,0.9004411144,0.2065113607,26.92523193,270.8680725,61.99899292,4.368910844
0.6699337691,2.606889026,0.01543975401,1.158989357,0.6686724512,0.1893902136,0.0007108935537,0.9197415105,0.2149416789,50.96221924,264.8772278,79.59152222,3.327957808
0.6586053082,65.30476177,0.00976092834,1.198393661,0.6508865534,0.08956663243,0.001279772514,0.9343514924,0.1943266853,49.04071045,276.2013855,78.25930786,3.529310354
0.7152417546,4.841766795,0.007883027392,1.042290652,0.6128539156,0.2290038767,0.001120151315,0.9123558985,0.2136356988,22.34503174,270.9411316,69.95578003,3.873034244
0.5416398604,20.3319505,0.006761657597,1.159346641,0.6512932766,0.07349452736,0.0009194237199,0.9419446197,0.1978016645,60.34014893,279.9030457,84.11740112,3.327528453
0.7064467374,22.3571205,0.007105774747,1.099955318,0.6075791842,0.1080912873,0.001546224953,0.9130718836,0.198922468,26.57476807,283.9212952,69.04330444,4.112220547
0.5177390089,19.33424568,0.006852431436,1.157465897,0.6413733747,0.143362326,0.0003773094789,0.9560777513,0.2094392304,75.55511475,263.7326355,97.27529907,2.711198403
0.6746655603,21.82229696,0.01001720571,1.075808611,0.588398359,0.06202839094,0.0006565500015,0.9360299259,0.2043783473,47.72344971,274.6184387,84.99337769,3.231056892
0.4434081788,4.323073768,0.01306672258,1.12943177,0.5965433307,0.1694962411,0.0002572898859,0.9364183631,0.2120737203,81.00543213,260.5667419,98.91775513,2.63417565
0.5697224542,6.882479959,0.01522936819,1.066885132,0.6069833015,0.1996709251,0.001363049364,0.9591063777,0.2102265501,55.88079834,266.3871155,73.69692993,3.614629751
0.4378460491,5.243373868,0.01717983853,1.181662278,0.6429562934,0.2512817915,0.0009293791116,0.9546883765,0.2239956103,65.22247314,243.7388,75.79562378,3.215737108
0.7083027499,14.98784293,0.005180047364,1.048683625,0.5662763239,0.2629626602,0.0005727865748,0.912486124,0.2142331867,17.80108643,267.1177063,80.06600952,3.336218551
0.6302645671,41.17743258,0.009630867803,1.03900143,0.5948421571,0.2446460122,0.001833933087,0.947017817,0.1906300489,39.36065674,288.3535461,73.31369019,3.933147348
0.5186876653,64.47591037,0.008176296285,1.191449212,0.6289795029,0.1991927446,0.001329566381,0.9463761014,0.2063386077,51.77191162,255.9883728,74.22616577,3.448761904
0.5035979607,5.633395828,0.01085107092,1.051407773,0.5954309018,0.1806935069,0.001027926513,0.9146064669,0.2241115727,41.54803467,249.900116,67.85708618,3.682741627
0.7133210583,1.653787788,0.008465873644,1.053779891,0.63663521,0.1876742603,0.0005966474457,0.900302645,0.204139272,25.80133057,284.7980042,83.71591187,3.401957857
0.4280554336,15.14367817,0.01475398311,1.179597633,0.6019722617,0.2194418308,0.0002968402665,0.9124267304,0.1936632378,80.52203369,278.5149231,102.3669128,2.720751416
0.6214296132,2.622825825,0.01708639243,1.18083345,0.6095464961,0.05867785449,0.00153875334,0.9428721649,0.2177658418,50.81719971,258.9350891,66.78036499,3.877413505
0.4775246605,1.586271797,0.01233595041,1.059016724,0.5985850678,0.05329851435,0.001745986989,0.9307066701,0.1961912301,52.11029053,285.552948,69.7550354,4.093653546
0.4120259107,6.685175383,0.009257946447,1.09906244,0.5915869085,0.23757573,0.0005982928558,0.902090367,0.1964464828,55.31280518,280.6092834,85.90585327,3.26647455
0.7136456914,6.851554077,0.008209275189,1.197311568,0.5622572345,0.2538944114,0.0006508929235,0.9559366489,0.190189137,40.19451904,302.1617126,93.95388794,3.216063957
0.516799888,13.46359487,0.01081391976,1.187030118,0.5643088269,0.04649221962,0.0004130817752,0.9221613522,0.2185895013,59.90509033,252.7494202,84.97512817,2.974392926
0.5656364319,7.65286701,0.00972828678,1.146115888,0.6596634592,0.1260099107,0.0007319277813,0.9161206194,0.2190759593,49.23406982,256.9868469,76.87234497,3.343033792
0.5976841289,4.513881688,0.01072138191,1.088984243,0.5644382993,0.1550865035,0.0001402337881,0.9172277144,0.19038394,54.58770752,298.4600525,118.4629822,2.519437271
0.6617725067,21.25808365,0.009709730555,1.131936967,0.656634006,0.2461578126,0.0009911587388,0.9144189717,0.201212787,34.62335205,278.2226868,77.96731567,3.568452811
0.4991777636,3.737511213,0.006728226934,1.14640625,0.6458422099,0.08413790059,0.001775915023,0.9178802155,0.2268725939,38.88934326,248.7798767,59.73605347,4.164652036
0.5135793694,2.126758897,0.00592121236,1.097102466,0.5893109,0.247361267,0.001516194187,0.9301852408,0.2143647909,34.85296631,265.2912292,66.10513306,4.013171398
0.6284144308,1.144314899,0.01220309674,1.069929619,0.6158403579,0.08025034646,0.001078728338,0.9049085621,0.1908405898,42.12811279,300.0673523,77.98556519,3.847729405
0.4851155623,1.440466068,0.01591920102,1.159062141,0.6482650404,0.03378138073,0.001359492948,0.9325950604,0.2074762839,59.30084229,268.0187683,71.87197876,3.729113528
0.721224603,44.486688,0.01492223191,1.050816342,0.6471465719,0.2647813807,0.0003209750228,0.9094496496,0.2083756802,38.17633057,263.7326355,94.61087036,2.787551097
0.5629371389,1.320447379,0.01380221088,1.092509074,0.6527441189,0.04693905252,0.001486327878,0.9512806539,0.2015990366,59.82049561,280.6579895,75.12039185,3.736109232
0.6338259816,2.824897842,0.01123231274,1.087621304,0.6112091003,0.08847423715,0.0001345070161,0.9132535823,0.2196222596,56.6663208,260.4449768,104.191864,2.499667122
0.4159183162,2.007317551,0.009333595926,1.132383925,0.6519008013,0.08101786821,0.001678587805,0.9287460649,0.2217875768,49.85040283,250.7037659,63.44070435,3.951780934
0.6960677932,56.8796245,0.009965984871,1.14997909,0.6697168849,0.03210042424,0.001731773376,0.9572967362,0.1954179049,54.18890381,278.2713928,75.9781189,3.662520168
0.4945975381,6.277059689,0.01753768899,1.122542702,0.6495496958,0.1593180154,0.0005869297744,0.9098522469,0.1933546114,70.40692139,284.9928284,90.28573608,3.156565375
0.5179533928,15.52117191,0.01670578496,1.148404785,0.6162820728,0.2307744901,0.001896466763,0.9149472552,0.1998182285,45.23394775,273.3277283,65.64889526,4.163477956
0.6405065579,1.292487116,0.01279923026,1.151792927,0.6026909183,0.1776139368,0.001342802938,0.9227389742,0.2142087397,37.40289307,266.9228821,67.60159302,3.948470297
0.4916485803,6.316432654,0.009922368387,1.148638587,0.6089177558,0.09985866655,0.0007723898977,0.9014734378,0.2211892868,46.14031982,252.2623596,72.29171753,3.489505689
0.6374214574,12.82045151,0.008595605582,1.135502278,0.5890545312,0.02411238577,0.001459743453,0.9582608637,0.2184143902,47.05877686,258.6915588,69.00680542,3.748783287
0.6769414709,3.365821049,0.01154052767,1.04507041,0.6378442696,0.07620015741,0.001809542073,0.947426232,0.2102690403,44.42425537,273.2059631,67.7293396,4.033790448
0.6167685356,16.81875105,0.01340389059,1.102281291,0.646707012,0.1239132437,0.001419440067,0.9129400209,0.1988025266,43.98919678,280.219635,71.70773315,3.907802167
0.7197103759,53.41871438,0.006332424126,1.110220521,0.6395870376,0.182880853,0.000859900884,0.9082143575,0.2049280856,24.61700439,268.7250061,77.82131958,3.453102666
0.711640107,44.56957093,0.00542459386,1.152130264,0.6545213419,0.2201345419,0.001345223027,0.9397812206,0.2253477399,28.75006104,245.6139832,67.56509399,3.635220032
0.7100385248,6.538634026,0.01356916829,1.107207856,0.6274348093,0.1423583635,0.000128216449,0.933248322,0.2257256435,65.4520874,252.8711853,105.0860901,2.406324044
0.4428130044,3.388533262,0.012692491,1.152632626,0.6712471377,0.178723901,0.0002678422636,0.9525255984,0.2264524909,83.70037842,244.4450378,95.96133423,2.547328461
0.5911899546,6.598697483,0.005197892332,1.045971803,0.5966957598,0.1285341918,0.00023516855,0.9006417068,0.2058871977,31.48126221,277.4190369,98.84475708,2.806613573
0.6013869319,21.99560961,0.01520393556,1.198615699,0.6395542185,0.0540712483,0.0002845103154,0.9141806181,0.2289693839,66.17718506,239.5500793,88.26004028,2.714139701
0.7291438861,1.613595922,0.006926745866,1.050991501,0.5839880547,0.1065155197,0.001955282229,0.9088389306,0.1996538834,21.61993408,292.4448547,63.3677063,4.615045609
0.7033832912,43.60444665,0.007264327214,1.128889658,0.6253594858,0.1883034071,0.0008458292809,0.9034406815,0.19436133,25.88592529,284.3352966,81.36172485,3.49470586
0.5105975618,15.53448374,0.01191660604,1.093095844,0.6668472731,0.1311619893,0.0002221143683,0.9596614463,0.1931812752,100.5951538,285.3581238,117.2037659,2.434718046
0.6272836071,8.138180938,0.01765514342,1.161531153,0.5764279964,0.03274026378,0.001811803767,0.9577083412,0.208584303,53.12542725,267.9213562,68.0395813,3.93772788
0.4959859596,3.011906577,0.01101377643,1.090725844,0.5955330136,0.09557981587,0.00116681583,0.9074279776,0.1913485841,49.01654053,293.3459167,76.03286743,3.858146176
0.4181059551,3.289680682,0.013124129,1.085634106,0.6175986963,0.1557881606,0.00196019369,0.9109789116,0.2230805971,42.50274658,247.269989,57.80160522,4.277908685
0.6694187406,53.57108318,0.01725120757,1.124733961,0.581197587,0.0743154249,0.0002811831472,0.9232985049,0.2053594973,66.79351807,261.9305115,98.18777466,2.667648925
0.4213198057,14.92295817,0.01010670696,1.074427731,0.5646501427,0.084160457,0.001099352592,0.930425064,0.2258217301,50.418396,241.4496155,67.20010376,3.592994683
0.4686002725,49.97832947,0.006335463522,1.111509954,0.5806040004,0.01549805441,0.001118228071,0.9485448721,0.2037598305,58.04400635,261.8087463,77.05484009,3.397693721
0.5624732847,4.608397333,0.008001572679,1.084701169,0.6398830757,0.04852081389,0.001586327575,0.9300454606,0.1981140368,47.36090088,286.7462463,71.87197876,3.989680697
0.5892502619,11.74305608,0.01039935314,1.15096622,0.6099147321,0.2576529503,0.001712462902,0.957114436,0.2238280307,43.01031494,250.4602356,65.32040405,3.834333838
0.5381648708,2.833231023,0.01206333702,1.149517375,0.629686012,0.2134905527,0.0009324842698,0.9409177517,0.2294613891,51.82025146,245.492218,71.79898071,3.419160211
0.5816366587,1.262362919,0.01561868225,1.086031168,0.6180752995,0.04768548144,0.001415817671,0.9493843943,0.2189684994,53.83843994,258.2288513,68.87905884,3.749018289
0.5790991468,35.58314675,0.01474260874,1.041945708,0.6585634216,0.0621207264,0.001047138969,0.9426056328,0.2037959577,62.09246826,267.1420593,79.55502319,3.357953384
0.5844861342,7.606737316,0.005095263416,1.093785093,0.6300361931,0.2331537551,0.0008091311482,0.9085454751,0.2031803573,30.16400146,280.195282,79.44552612,3.526885599
0.6722050023,20.167847,0.01300340582,1.109633418,0.6239969359,0.03657092708,0.0006908892841,0.9190369317,0.1949950783,53.59674072,286.5757751,86.76358032,3.302950087
0.4890553011,1.604648963,0.008256623048,1.179808668,0.5973963699,0.1323476897,0.0005152862381,0.9392492574,0.215098026,62.69671631,262.3201599,85.70510864,3.060729565
0.6000542515,33.75257296,0.007171412019,1.096110428,0.6640975442,0.1816436355,0.001526928576,0.9346481434,0.2208190403,38.61138916,249.7052917,66.39712524,3.760784685
0.4936143855,2.963822168,0.0136769936,1.05281413,0.605015453,0.05353492956,0.000290271293,0.9132348278,0.200775984,75.67596436,278.441864,99.1914978,2.80711422
0.5314866025,3.835413771,0.006624307471,1.083518046,0.6208185418,0.156939873,0.0004046834712,0.9336553444,0.1952687469,63.10760498,290.7157898,98.97250366,2.937338948
0.5843207009,55.06635749,0.01500049993,1.145633576,0.6146582052,0.2119544623,0.001973777683,0.9443394809,0.1924653163,50.10418701,276.7858582,71.39749146,3.876688838
0.5530172942,8.954192827,0.01742314952,1.124683995,0.5999069735,0.1525732908,0.0001641078651,0.9582260836,0.1902491281,105.0907593,291.0567322,122.8611145,2.368989842
0.564330453,14.28633225,0.00865328806,1.108713287,0.5698219296,0.06072955232,0.0001228945893,0.9599059607,0.212381758,89.99664307,263.2212219,114.5940857,2.296987845
0.7186100864,5.890170544,0.006601955862,1.053754962,0.6623612814,0.20383104,0.0005210912028,0.9549126288,0.1929895312,52.08612061,300.0186462,99.72073364,3.008588438
0.4616767939,3.580603127,0.01724023183,1.127107448,0.6625573941,0.1770359521,0.001319250984,0.9257564509,0.2141393021,56.40045166,257.2060242,69.80978394,3.684383616
0.6565875137,47.59545969,0.008864778253,1.187547872,0.5652290725,0.2687125653,0.0001453365096,0.9120032498,0.2009047114,28.49627686,271.2090149,110.9989319,2.44334797
0.5754727095,2.203644019,0.0145401627,1.054025977,0.6644108003,0.2640190852,0.001435532099,0.9195582683,0.1976845449,46.58746338,286.0887146,73.36843872,3.899343091
0.5334427958,19.56027958,0.009740135721,1.155668952,0.6034451251,0.1161879706,0.0005636691259,0.9318663603,0.2078330454,59.84466553,265.1451111,86.25259399,3.074053762
0.7101181833,33.10752546,0.01406915662,1.191745468,0.6394225613,0.2032947605,0.001037464914,0.9536633313,0.2292769026,48.91986084,240.134552,71.99972534,3.335214834
0.6446306514,2.539061394,0.007896182539,1.056257417,0.5879356559,0.1969014252,0.0007087731923,0.9445636006,0.2264176424,37.74127197,254.6246033,76.65335083,3.321767418
0.4948277045,10.68296609,0.01382468493,1.083810512,0.6453944515,0.146498142,0.001397433792,0.9278832641,0.1997998963,55.32489014,276.2257385,73.56918335,3.754639184
0.6000818744,58.89635309,0.01156578666,1.126203084,0.5781710875,0.1123004152,0.000512609612,0.9000381934,0.1956128878,42.32147217,274.0339661,88.42428589,3.099080341
0.6510013249,1.379039208,0.0178289511,1.046125719,0.5950135735,0.1891701223,0.0007865570642,0.9355138176,0.2137973302,51.8081665,265.924408,78.35055542,3.394033476
0.6494987085,2.167988021,0.01112277279,1.119254519,0.5841397653,0.09626659267,0.001742282104,0.9333920279,0.2252747851,34.65960693,254.5758972,60.79452515,4.187480642
0.6784896765,1.081787504,0.01101980512,1.136940757,0.6764875822,0.1208723794,0.001645819271,0.9075442448,0.2044194862,35.38470459,282.0704651,67.20010376,4.197470678
0.617343988,1.169210989,0.007790286369,1.101217456,0.5670771677,0.1024505716,0.001962584167,0.9583033397,0.2181218865,39.10687256,264.0735779,63.64144897,4.149396064
0.6873188956,10.21231333,0.01131108119,1.110596071,0.6694492894,0.06813687373,0.0003450588558,0.927777157,0.2297753719,56.65423584,247.3430481,87.07382202,2.840613199
0.5890292949,20.10093474,0.005848470022,1.042702097,0.5857561628,0.08575880433,0.0002329957049,0.9024413168,0.213424443,33.89825439,262.5880432,95.39559937,2.752622186
0.7201772355,5.854020751,0.01664848938,1.116404108,0.586431229,0.01282828979,0.001729982547,0.9195047037,0.2211456638,36.50860596,257.2060242,60.37478638,4.260156261
0.5385727328,3.175461776,0.01656350663,1.121322022,0.6079724388,0.1468716378,0.001471126712,0.9047237086,0.1909171821,48.00140381,292.6153259,71.85372925,4.072374934
0.4753805188,4.887769273,0.01014435494,1.127559261,0.6028787974,0.05492707638,0.0005577970402,0.9152497502,0.2077614336,61.19818115,268.5545349,84.24514771,3.187774516
0.4648474679,2.567082739,0.01598003903,1.069048041,0.5641561731,0.2519717368,0.0008843276895,0.9040562611,0.2037220058,48.83526611,272.0857239,75.19338989,3.618479287
0.6320074084,1.27254067,0.00744042979,1.180762137,0.614826577,0.266872737,0.001719238648,0.9390299562,0.2252218114,30.47821045,256.0614319,62.61947632,4.089165974
0.6298484317,35.99836532,0.01658880287,1.07020172,0.6267896346,0.16547343,0.0003915479775,0.9442369263,0.2135916621,69.97186279,255.3308411,92.65817261,2.755621376
0.6053820466,3.615477303,0.01440163281,1.142534519,0.6014990699,0.05736314747,0.00147410341,0.9566921705,0.2050322125,56.46087646,275.6899719,73.47793579,3.7520103
0.5133511059,5.46262833,0.01159275436,1.115953537,0.5725388367,0.1414056922,0.0002490630274,0.9156600842,0.2298559103,58.22528076,243.4222107,88.66152954,2.745522347
0.6178576868,4.226021614,0.01435809464,1.195954077,0.6536208238,0.2553738946,0.001594973783,0.9232019687,0.2284314422,38.72015381,247.245636,61.98074341,3.989071805
0.4302415404,3.161083033,0.01106097316,1.110045058,0.6423938411,0.1693425892,0.001589418392,0.9287967926,0.2033088771,53.47589111,272.8406677,70.04702759,3.895107003
0.4576639279,7.747555032,0.01756027795,1.184635937,0.5946772132,0.02624583902,0.0009266143967,0.9201421578,0.2255117223,57.28265381,241.7174988,69.59078979,3.473412207
0.4272803313,5.052243664,0.0132061704,1.161565672,0.6555265771,0.1959944081,0.001183826143,0.9447124251,0.1981829446,66.2255249,277.3459778,79.92001343,3.470294434
0.682367684,24.00404438,0.00699200978,1.178234521,0.6448533655,0.2107051062,0.0002948899101,0.9120512029,0.2257776323,28.90716553,248.3658752,88.95352173,2.792085917
0.6734282451,46.43526534,0.009874563643,1.037172772,0.5753863412,0.08595404313,0.001472462599,0.9522085169,0.2049997847,42.4664917,268.4084167,72.12747192,3.721306315
0.4220820291,4.260917712,0.01464333518,1.15998728,0.6479606481,0.02659320769,0.0002016635645,0.9515406598,0.2161882471,94.8427124,253.6748352,104.6298523,2.42449769
0.5040018366,17.96342906,0.01511924337,1.065425136,0.5878058346,0.01192447892,0.001779390867,0.9210955637,0.2097073384,47.02252197,260.7859192,63.40420532,4.113069754
0.4169175874,1.553924631,0.01593293266,1.182230649,0.6790748244,0.2130158224,0.0004159167484,0.9583759957,0.1995280537,91.20513916,275.1542053,101.7281799,2.704798272
0.6442403436,48.42059025,0.01768285824,1.068204232,0.5909313902,0.1868006709,0.001123793756,0.9130201831,0.2043720824,41.4151001,264.2684021,72.49246216,3.645460428
0.5587989375,47.0623576,0.01541880837,1.173554544,0.6249008776,0.2603617494,0.000470639169,0.9478311732,0.1973497824,75.66387939,269.9426575,97.34829712,2.77295716
0.6696127726,2.17636098,0.005462383853,1.122018034,0.5944562122,0.05671604784,0.0008670870701,0.954147564,0.20394877,47.21588135,284.6031799,82.89468384,3.433310398
0.6389951641,28.87975706,0.006167585582,1.049350243,0.6360107257,0.2363761656,0.001465390275,0.9464801096,0.2052748832,37.112854,272.0857239,73.11294556,3.721443881
0.675404089,2.470837271,0.009414440963,1.161150116,0.679785014,0.2074333976,0.0001956113993,0.917215667,0.196400644,51.27642822,293.3702698,111.8384094,2.623162036
0.5528523738,4.89905195,0.009042353805,1.071748958,0.6021100281,0.1085342892,0.001648346112,0.9185762659,0.200287478,39.40899658,282.7036438,67.96658325,4.159450575
0.6425990175,40.27144724,0.01426566047,1.095018079,0.5631458311,0.1920184952,0.0008012356943,0.9136397116,0.226813511,33.28192139,240.4998474,70.13827515,3.42893872
0.660108118,52.78223265,0.007758959643,1.188238903,0.5925996224,0.08764472721,0.000539382059,0.9050165089,0.212803284,31.10662842,255.5256653,81.36172485,3.140612687
0.6457145563,8.406846787,0.01107851283,1.076722206,0.6385149998,0.1420013531,0.0005911269125,0.9524614675,0.2015195447,64.50946045,281.8025818,92.05593872,3.061210235
0.7104243982,1.127587761,0.01511117973,1.16450016,0.5799178349,0.1856199258,0.001445800649,0.9453409744,0.2198057656,40.01324463,261.0538025,66.87161255,3.903806003
0.4967644798,3.590004085,0.01318554082,1.074037682,0.6420406967,0.2321564039,0.001432953374,0.9007754767,0.1904218861,46.04364014,293.4920349,73.11294556,4.014228023
0.4698020603,2.247390812,0.005242646781,1.169389991,0.6779746653,0.2432372389,0.001436822723,0.9105529335,0.2066043327,41.04046631,273.4007874,69.40829468,3.939021822
0.5031303168,12.19718736,0.01290939881,1.105551538,0.6102303189,0.1523264114,0.0009142914712,0.947507845,0.1908647927,67.7723999,289.157196,87.07382202,3.320828113
0.6202702076,48.08680759,0.01024595185,1.187481913,0.6783548359,0.2165164952,0.001255113444,0.9540881275,0.2182932204,51.77191162,247.8301086,73.40493774,3.376204875
0.7198858828,51.77268868,0.0121225469,1.154623688,0.6415413941,0.06587824908,0.001178088982,0.9212018597,0.1984848019,42.93780518,274.7402039,76.10586548,3.609974108
0.6369771882,5.022237715,0.01540099719,1.070733762,0.6649815879,0.2515994439,0.001219085093,0.9182565038,0.2220891897,40.59332275,254.9655457,67.85708618,3.757390127
0.4548625905,31.34956607,0.0103673616,1.144018828,0.6511477183,0.0640848506,0.0003869130077,0.9072181161,0.2185352914,66.60015869,245.6383362,86.63583374,2.835297193
0.4522051346,2.903509018,0.01037195049,1.152891546,0.6509729588,0.1221844453,0.0006779950826,0.9311933134,0.2184777044,63.42181396,255.1116638,80.01126099,3.188446985
0.4916114841,18.88413613,0.01396571158,1.055206357,0.609645301,0.1254956091,0.00174012538,0.9368553829,0.2005955116,52.27947998,272.4266663,69.51779175,3.918804948
0.6232046676,1.357886452,0.01308444741,1.087536285,0.6553185653,0.1836267682,0.001295118403,0.9548472227,0.190593989,60.315979,299.5802917,82.93118286,3.612396223
0.6637673326,24.88003133,0.01762117093,1.140509384,0.5783843876,0.07173065525,0.001124892054,0.9005293366,0.2262164796,36.61737061,243.2517395,63.677948,3.820031065
0.6115338979,12.56635583,0.01229660228,1.087960317,0.6703301908,0.1824959582,0.0002307127706,0.9349366426,0.2012944602,77.85125732,278.6853943,108.1520081,2.576793527
0.6708288212,6.105477997,0.01463561497,1.080692862,0.637690345,0.1008642646,0.000630162549,0.9370614456,0.2126049233,58.32196045,267.2151184,83.91665649,3.184291767
0.5596442491,3.636414257,0.0128334147,1.176297443,0.6299033184,0.05704884121,0.0004802645898,0.9075931337,0.2089870136,60.14678955,269.4068909,86.19784546,3.125448083
0.4194383799,5.704289316,0.006075883864,1.143848454,0.6614981408,0.2441825887,0.0007199588178,0.9328462828,0.2263672752,56.84759521,245.3460999,76.79934692,3.194637841
0.4506082364,1.269207014,0.01203734051,1.18491858,0.5755675093,0.1387203808,0.0008071006336,0.908747843,0.1947657912,56.78717041,285.9913025,81.25222778,3.519796445
0.5106903667,1.584063106,0.008017359385,1.162755496,0.6251929578,0.18589756,0.0006268254442,0.9151821159,0.2288206365,45.35479736,247.5865784,75.26638794,3.289470707
0.499480428,2.398686321,0.008535434259,1.112514604,0.5972665598,0.04816063814,0.001113329433,0.9022182875,0.2036356557,43.77166748,277.1998596,71.63473511,3.869629157
0.7174499037,1.870172814,0.01607669309,1.082682783,0.6218909114,0.03613231575,0.0001002122434,0.923129502,0.2165542952,78.22589111,264.8528748,112.3493958,2.357403642
0.4116453771,3.771116166,0.01552086623,1.051905462,0.5683219097,0.1915858358,0.0005224039159,0.9559981448,0.2179485271,73.07769775,251.70224,85.90585327,2.929977765
0.6812671493,15.82126957,0.01524870884,1.151922917,0.5932173178,0.1051394841,0.001364905419,0.9410575604,0.2186068863,44.82305908,255.7935486,67.91183472,3.76655335
0.4723986281,1.24028759,0.009910964157,1.198117556,0.6004328717,0.2601813313,0.001838770171,0.9042393603,0.2002554755,37.20953369,280.2926941,64.33493042,4.356773098
0.586725718,3.113862851,0.006969182283,1.165549152,0.6029902804,0.2232696383,0.0012111717,0.9566194799,0.1918020995,50.78094482,298.0947571,82.5296936,3.611969754
0.6958016433,7.355836749,0.008071244219,1.09412265,0.6364445341,0.2611259039,0.0006813860939,0.9469860799,0.2005780158,42.20062256,286.429657,89.0630188,3.216033555
0.6989044864,2.068578873,0.01701259101,1.078179367,0.6228938594,0.1286440285,0.0005519308555,0.9571352562,0.2275424531,62.99884033,251.0690613,82.91293335,3.028104918
0.4922272803,8.523817398,0.008443846025,1.070388505,0.5633476343,0.167134619,0.001775414784,0.9533417173,0.1991874377,48.59356689,280.3657532,70.70401001,3.965344443
0.4525561373,10.08527941,0.009680542259,1.138037581,0.5715907621,0.05290154674,0.0003834450202,0.9290231177,0.2085200713,70.34649658,264.4145203,91.54495239,2.888357177
0.4659104914,22.84069272,0.008933910408,1.16069102,0.6642286157,0.07120889063,0.001617925751,0.9361088823,0.2137683069,52.47283936,254.3080139,67.65634155,3.758820061
0.4881348246,10.76299941,0.01611831373,1.106595476,0.5704563864,0.2312708073,0.00132607661,0.939156711,0.2061975981,53.17376709,266.0461731,71.72598267,3.709202205
0.5899264365,1.799552219,0.01533376818,1.082545687,0.5738125063,0.06684755732,0.001354226145,0.9163728447,0.2065307118,43.63873291,273.98526,68.25857544,4.013931704
0.5317691983,3.122439848,0.0133608648,1.051669155,0.6612008659,0.09348432695,0.0003362549994,0.9389390158,0.2121610542,77.98419189,265.096405,96.08908081,2.758860869
0.6324618212,59.80016807,0.01773710911,1.109718154,0.607008698,0.06177373961,0.0006726561719,0.9406388534,0.2147248147,62.76922607,248.3171692,81.59896851,3.043141032
0.4728063548,1.115191717,0.01325761334,1.075254136,0.6613848214,0.2224723554,0.0004926773283,0.9431359404,0.1939867735,80.12322998,288.256134,98.42501831,2.928687634
0.6950149691,57.4310644,0.007649610541,1.065134754,0.6668823144,0.07713202338,0.001965683337,0.9156206003,0.2299504801,27.90411377,238.332428,57.56436157,4.140277447
0.7050383342,1.018777103,0.01548312272,1.08299658,0.6084030664,0.2650863691,0.001874414297,0.9347086806,0.2198589801,33.14898682,261.1999207,62.01724243,4.211730648
0.4703051228,13.39580508,0.01473661523,1.117959268,0.6198765887,0.02349523999,0.0005046418559,0.9139345187,0.1951892458,73.77862549,279.7812805,91.85519409,3.045895045
0.5799624503,61.14472226,0.01334059431,1.118140057,0.6368442983,0.07762022502,0.001758572109,0.9029749235,0.2134465277,38.69598389,249.4861145,61.72525024,4.041880973
0.5666992235,16.92043777,0.00694182581,1.100286128,0.6159441373,0.025815093,0.0007371646297,0.9547294857,0.1958688435,66.51556396,285.3581238,90.06674194,3.168296284
0.6999205201,1.962011776,0.008088874296,1.087005368,0.6148593938,0.01206523692,0.000676051708,0.9396515068,0.22326521,45.41522217,259.9092102,78.40530396,3.314944233
0.4616244001,54.84809262,0.01503695299,1.082898868,0.589767739,0.215166907,0.0009368734031,0.9304801325,0.21669296,55.3973999,242.2045593,73.55093384,3.29301814
0.6994282817,16.54981305,0.00598902954,1.156898996,0.6169533594,0.2299360602,0.001399024698,0.9415911165,0.2188672974,28.3270874,259.5682678,68.22207642,3.804754728
0.6672584097,1.685774296,0.01252151627,1.140903148,0.6680420655,0.1553455966,0.0006315338179,0.9019330277,0.2007885818,43.78375244,285.6503601,85.06637573,3.357970263
0.4696183738,2.999252011,0.005372201484,1.104309981,0.6280794415,0.02789536829,0.001566506956,0.9222739748,0.2001498384,47.84429932,281.9243469,70.01052856,4.026884994
0.5193680283,2.086856974,0.01360640848,1.067127236,0.5885218764,0.2467059556,0.0007328029112,0.9252130301,0.2052115878,53.16168213,273.8634949,81.39822388,3.364489811
0.6630313178,1.147021389,0.008836977819,1.151499947,0.6390046418,0.234295663,0.000671062027,0.9198559601,0.222703608,32.89520264,259.3977966,77.10958862,3.364014791
0.442214707,5.863763259,0.01716253722,1.087251042,0.6186778871,0.2587600943,0.00192197031,0.919235512,0.2084522896,47.37298584,262.7098083,63.29470825,4.150580919
0.6421676296,2.457804949,0.01630003429,1.093819334,0.644036265,0.08542725205,0.0003405763597,0.9505646524,0.2216229002,74.89044189,256.158844,92.89541626,2.757497133
0.6247509562,63.14506461,0.01166378411,1.080625633,0.6375411625,0.1095847096,0.00150977889,0.9384704725,0.2269818768,42.65985107,236.9199524,64.55392456,3.670109199
0.5003906143,2.523966577,0.005529894839,1.139071647,0.6171669661,0.06940713029,0.0004728237867,0.9285359871,0.2015452199,62.60003662,281.4129333,92.09243774,3.055765927
0.5680578251,18.69482002,0.01498343821,1.06192686,0.5936949132,0.07650823238,0.0003703741715,0.9433726474,0.1990663774,77.70623779,277.1998596,99.28274536,2.792024522
0.4307854281,6.188190031,0.01446401068,1.159788384,0.6538640055,0.0302680969,0.001795609544,0.9422782484,0.1905443981,63.33721924,287.4281311,74.46340942,3.859991549
0.4817746912,2.266188098,0.01012767732,1.130100346,0.5812364481,0.2191338417,0.0007049814899,0.9486339934,0.2195647476,58.46697998,255.6474304,79.51852417,3.21494184
0.6816764596,1.423868476,0.0113920565,1.16231189,0.6176941192,0.1231475437,0.0015184234,0.9556975617,0.2225987905,44.847229,258.6428528,67.52859497,3.830123415
0.7046839188,26.59898021,0.01007367546,1.091974977,0.597744442,0.05944148341,0.001344122762,0.9599919869,0.2048202568,49.02862549,273.4007874,75.63137817,3.614912143
0.4717525783,67.37435043,0.01047818891,1.06419496,0.6758831649,0.2145608776,0.001439106361,0.9523285205,0.2293272922,53.08917236,229.2000427,67.38259888,3.401472287
0.564631845,42.73835735,0.006523389011,1.050197376,0.6796720489,0.2175140845,0.000593850549,0.9189211452,0.2250124607,42.47857666,242.764679,79.19003296,3.065596387
0.6887553201,4.637577405,0.006419450133,1.140899255,0.6678097369,0.1365548621,0.001214437559,0.9273600077,0.2170963825,33.65655518,266.1192322,70.52151489,3.773589274
0.4819905158,1.839917825,0.007241896356,1.155336867,0.6579400652,0.0906718467,0.0001540229639,0.9208109212,0.2127340946,81.62176514,265.3886414,107.33078,2.472623802
